-0.8538784363941865,-1.2599523737033738,0.19084741492425947,1.3059534578579408,-0.21003031756925059,1.8220964475084631,1.977759473298085,-0.12022029439544953,-1
0.6254707733858094,-0.5700125056968401,0.07961788216346644,0.7321977885843695,0.9330979011284395,0.7172426779525586,-0.4408287345465583,1.8493284265471726,-1
-0.8538784363941865,-1.1972305675209616,-0.1428411833581196,-1.3078223688327733,-0.6999424112968321,-1.7879490088311807,0.49903714933089394,-0.5483830598177587,-1
-0.5580085944381874,-0.6640952149704584,-0.1428411833581196,0.28594337914936946,-0.08970103139054637,0.8200197727949681,-0.4408287345465583,-0.6340156129022205,-1
0.6254707733858094,-0.914982439700107,-0.47652978164049864,0.7321977885843695,0.3830211643115059,-0.015044122799611549,-1.1895885553689285,1.078635448787016,-1
0.9213406153418086,-0.6013734087880462,0.19084741492425947,1.242202827938655,0.2025272350434496,0.6530069936760525,-0.8167750880975394,0.9930028957025542,-1
0.9213406153418086,-0.44456889333201594,0.19084741492425947,-1.3078223688327733,-0.6999424112968321,-0.3233754073268407,-0.6601307741179638,-0.20585284747991137,1
2.400689825121804,-0.914982439700107,-0.47652978164049864,-0.8615679593977732,1.5175544339964313,-0.5803181444328652,1.445168805767529,0.9073703426180924,1
-0.8538784363941865,-0.22504257169357342,-0.25407071611891263,0.9872003082615123,1.0190473912560853,0.7686312253737633,-0.5504797543322612,-1.0621783783245295,-1
-0.5580085944381874,-0.475929796423222,-0.36530024887970564,0.9234496783422266,0.3228565212221538,-0.20775117562912992,2.9301569022939034,0.05104481177347413,-1
-1.1497482783501858,-0.8208997304264888,0.5245360132066386,1.5609559775350836,0.09079289787750996,0.5630770356889435,-0.42203141686900925,-0.6340156129022205,-1
0.033731089473810996,-0.9777042458825191,0.9694541442498106,1.688457237373655,-0.23581516460754434,0.7172426779525586,-0.3217790559220809,-0.377117953648835,-1
-0.26213875248218815,0.05720555612728124,1.6368313408145687,0.9234496783422266,1.3628453517666688,3.2352815015915977,1.3010560369063198,-0.9765458252400678,-1
0.033731089473810996,1.0293935519546695,0.07961788216346644,0.5409458988265123,0.3830211643115059,-0.10497408078672003,-0.3969683266322773,0.3079424710268596,-1
0.033731089473810996,-0.9777042458825191,-3.9246452972250823,-1.3078223688327733,-0.6999424112968321,-0.5289295970116605,0.4551767414166128,-0.20585284747991137,-1
-0.8538784363941865,-0.6013734087880462,0.19084741492425947,-1.3078223688327733,-0.6999424112968321,0.9484911413479803,-0.5379482092138951,0.7361052364491687,1
-0.8538784363941865,-0.9777042458825191,-0.47652978164049864,-0.5428148098013447,-0.3303596037479548,-0.6317066918540704,0.3611901530288675,-0.8052807190711442,-1
-0.8538784363941865,-0.6327343118792523,-1.1439069782052567,-0.3515629200434876,-0.3905242468373069,-1.0171207975131071,0.19201429393092626,-0.6340156129022205,-1
-1.1497482783501858,-0.06823805623754305,-3.9246452972250823,-1.3078223688327733,-0.6999424112968321,0.036344424621593166,-1.0141469237118041,-0.8052807190711442,1
-0.26213875248218815,-0.44456889333201594,-0.47652978164049864,-0.479064179882059,-0.2873848586841319,-1.1841335766320231,0.6682130084288351,-0.890913272155606,1
-1.1497482783501858,-0.8836215366089009,-0.5877593144012917,0.28594337914936946,0.09079289787750996,-0.438999639024552,0.2108116116084753,-0.9765458252400678,-1
0.3296009314298102,-0.7581779242440766,0.3020769476850525,0.41344463898794087,-0.6999424112968321,0.4474528039912327,-0.2716528754486171,1.592430767293787,1
0.3296009314298102,-0.2877643778759856,-0.25407071611891263,-1.3078223688327733,-0.6999424112968321,0.7300898148078591,-0.6382005701608233,0.6504726833647069,1
-1.1497482783501858,1.6252507106875849,0.4133064804458455,0.7321977885843695,1.5777190770857834,1.847790721219066,2.1751313089123507,2.106226085800558,-1
-0.5580085944381874,0.24537097467451766,0.19084741492425947,0.34969400906865516,1.0620221363199083,0.1391215194640035,0.39565190210437406,-0.7196481659866824,-1
0.033731089473810996,-0.8208997304264888,-0.36530024887970564,-1.3078223688327733,-0.6999424112968321,-0.015044122799611549,-0.951489198119974,-0.20585284747991137,1
-0.26213875248218815,1.4998070983227605,0.19084741492425947,-0.09656040036634475,0.3744262152987413,-0.28483399676093746,-0.6162703662036827,-0.20585284747991137,1
1.5130802992538068,1.0293935519546695,0.4133064804458455,0.604696528745798,0.15955248997962665,-0.1563626282079252,-0.9420905392811996,0.9930028957025542,-1
0.6254707733858094,-0.22504257169357342,0.9694541442498106,-1.3078223688327733,-0.6999424112968321,-0.5546238707222628,-0.6820609780751045,2.7912865104762528,-1
0.033731089473810996,-0.5700125056968401,-0.5877593144012917,0.7959484185036552,0.9502877991539687,-1.0428150712237094,1.5704842569511894,-0.0345877413109877,-1
1.2172104572978075,1.0607544550458756,-0.47652978164049864,0.34969400906865516,3.5545573500216383,0.24189861430641293,0.2452733606839816,1.078635448787016,1
-0.26213875248218815,-0.7895388273352827,0.4133064804458455,1.1784521980193694,-0.6999424112968321,0.665854130531353,-0.7102569545914279,0.564840130280245,-1
-1.1497482783501858,2.127025160146882,1.8592904063361548,0.28594337914936946,-0.6999424112968321,0.28044002487231623,-0.09307835751190101,0.6504726833647069,1
-1.1497482783501858,0.809867230316227,0.8026098451086211,2.1347116468086553,-0.6999424112968321,1.3724466575729204,-0.28105153428739144,-0.8052807190711442,-1
-0.26213875248218815,1.280280776684318,-1.0326774454444638,1.1147015681000836,-0.6999424112968321,0.6530069936760525,0.5867579651594562,-0.8052807190711442,1
-0.5580085944381874,0.24537097467451766,0.7469950787282246,-1.3078223688327733,-0.6999424112968321,-0.5289295970116605,-0.5661441857302187,-0.5483830598177587,-1
-0.8538784363941865,-3.8001855240910656,-0.1428411833581196,0.9234496783422266,-0.6999424112968321,-0.015044122799611549,-0.2371911263731103,-0.9765458252400678,-1
2.400689825121804,0.5903409086777844,0.6357655459674315,1.4334547176965122,2.0934160178516588,0.909949730782077,0.19828006649010926,2.106226085800558,1
-0.5580085944381874,-0.9777042458825191,-0.5877593144012917,-1.3078223688327733,-0.6999424112968321,-1.1070507555002156,-0.8575026097322288,-0.7196481659866824,-1
-0.8538784363941865,-0.44456889333201594,0.07961788216346644,0.604696528745798,0.004843407749864089,-0.16920976506322616,1.1162157464104208,-0.8052807190711442,-1
-1.1497482783501858,-0.44456889333201594,0.3020769476850525,-1.3078223688327733,-0.6999424112968321,1.693625078955451,0.6932760986655672,-0.8052807190711442,-1
-0.26213875248218815,-0.2564034747847795,-1.1439069782052567,-0.6703160696399161,0.030628254788157852,-0.33622254418214215,0.505302921890077,-0.7196481659866824,-1
-0.5580085944381874,0.05720555612728124,-1.2551365109660497,0.7321977885843695,0.7182241758093248,1.2825166995858124,0.1732169762533772,-0.6340156129022205,-1
1.808950141209806,-0.19368166860236732,1.5256018080537757,-1.3078223688327733,-0.6999424112968321,-1.0428150712237094,1.745925888608314,0.05104481177347413,-1
-0.8538784363941865,1.1234762612282876,0.07961788216346644,0.030940859472226655,0.7440090228476186,-0.8372608815388897,-1.0705388767444513,-0.8052807190711442,-1
0.6254707733858094,-0.5072906995144281,0.5245360132066386,0.4771952689072266,-0.6999424112968321,0.049191561476894574,1.2947902643471367,-0.6340156129022205,-1
0.6254707733858094,-1.2913132767945799,0.5245360132066386,0.9872003082615123,-0.6999424112968321,0.9870325519138836,-0.90136301764651,-0.4627505067332968,-1
0.3296009314298102,2.127025160146882,-0.36530024887970564,0.7959484185036552,2.0934160178516588,-0.11782121764202144,0.370588811867642,-0.377117953648835,1
-0.26213875248218815,-0.475929796423222,0.07961788216346644,-1.3078223688327733,-0.6999424112968321,-0.8115666078282874,-0.8073764292587648,-0.5483830598177587,-1
-1.1497482783501858,1.8447770323260273,-0.25407071611891263,1.1784521980193694,-0.6999424112968321,1.2696695627305108,4.474669838132518,-0.7196481659866824,1
-0.26213875248218815,1.5311680014139666,-0.36530024887970564,1.050950938180798,1.2339211165752,0.3061342985829191,-0.34057637359963,-0.29148540056437316,1
-1.1497482783501858,-0.5386516026056342,0.3020769476850525,-1.3078223688327733,-0.6999424112968321,-1.7622547351205782,0.36745592558805085,-0.5483830598177587,-1
-0.26213875248218815,-0.3191252809671916,-0.8102183799228777,1.1784521980193694,-0.6999424112968321,-0.2591397230503346,0.28913376859826306,-0.29148540056437316,-1
-0.26213875248218815,-0.005516250055130907,-1.0326774454444638,-1.3078223688327733,-0.6999424112968321,0.4988413514124374,-1.0580073316260854,-0.7196481659866824,1
-0.8538784363941865,-0.946343342791313,-0.9214479126836708,0.28594337914936946,0.15955248997962665,-0.8886494289600949,-0.7227884997097941,-0.890913272155606,-1
-1.1497482783501858,1.3743634859579363,1.0806836770106036,0.7959484185036552,5.144622917383088,2.5929246588265364,-0.11814144774863292,-0.890913272155606,-1
-0.26213875248218815,-0.7895388273352827,-0.8102183799228777,0.8596990484229409,0.28847672517109546,-0.952885113236601,1.5015607588001765,0.4792075771957833,-1
0.6254707733858094,1.0293935519546695,0.4133064804458455,1.3059534578579408,0.5033504504902101,1.7964021737978613,0.3329941765125442,-0.5483830598177587,-1
0.033731089473810996,-0.1309598624199552,-0.47652978164049864,-0.5428148098013447,-0.6999424112968321,-0.3105282704715398,-0.2653871028894339,-0.29148540056437316,1
-1.1497482783501858,0.15128826540089946,0.7469950787282246,0.5409458988265123,1.1479716264475541,-0.18205690191852755,0.1732169762533772,-0.8052807190711442,-1
-0.5580085944381874,-0.2877643778759856,0.24646218130465597,0.7321977885843695,-0.6999424112968321,0.46029994084653414,-0.9922167197546636,-1.0621783783245295,-1
-1.1497482783501858,0.11992736230969338,1.4143722752929826,-1.3078223688327733,-0.6999424112968321,-1.235522124053228,-0.6350676838812318,-1.0621783783245295,-1
2.104819983165805,-1.1345087613385494,0.19084741492425947,-1.3078223688327733,-0.6999424112968321,-0.2591397230503346,-0.5160180052567546,0.13667736485793594,-1
0.6254707733858094,-0.6013734087880462,0.6357655459674315,-1.3078223688327733,-0.6999424112968321,-0.16920976506322616,-0.8919643588077354,0.22230991794239777,1
-1.1497482783501858,-0.1309598624199552,0.5245360132066386,0.6684471586650838,-0.24441011362030893,1.6807779421001505,-1.1770570102505624,-0.8052807190711442,-1
-1.1497482783501858,-1.6990050169802589,0.3020769476850525,-1.3078223688327733,-0.6999424112968321,1.693625078955451,-0.8481039508934545,1.078635448787016,-1
0.9213406153418086,2.283829675602912,-0.1428411833581196,0.4771952689072266,-0.6999424112968321,0.48599421455713604,0.8781163891614663,0.6504726833647069,1
0.6254707733858094,-0.5072906995144281,-0.031611650597326575,0.7321977885843695,-0.11548587842884013,-0.16920976506322616,-1.0736717630240429,0.3079424710268596,-1
0.3296009314298102,1.4057243890491422,0.07961788216346644,-0.09656040036634475,0.8041736659369707,-0.8115666078282874,0.3831203569860084,1.5067982142093252,1
0.033731089473810996,0.24537097467451766,-0.5877593144012917,-0.5428148098013447,1.2854908106517875,-0.5931652812881666,0.19514718021051777,-0.20585284747991137,-1
-0.5580085944381874,-0.2877643778759856,-0.25407071611891263,0.09469148939151237,-0.6999424112968321,-0.9143437026706972,-0.494087801299614,-0.8052807190711442,-1
-1.1497482783501858,1.3743634859579363,0.3020769476850525,1.4334547176965122,1.4917695869581376,2.027650637193283,-0.6444663427200062,-0.6340156129022205,-1
0.6254707733858094,0.11992736230969338,0.3020769476850525,-1.3078223688327733,-0.6999424112968321,0.21620434059581012,-1.0768046493036343,1.7636958734627106,1
1.808950141209806,0.025844653036075166,0.4133064804458455,0.6684471586650838,-0.6999424112968321,-0.5803181444328652,0.14815388601664511,0.9930028957025542,-1
1.808950141209806,1.280280776684318,0.7469950787282246,-1.3078223688327733,-0.6999424112968321,-0.5674710075775643,-0.8856985862485525,1.7636958734627106,-1
-0.5580085944381874,-1.4794786953418162,-3.9246452972250823,-1.3078223688327733,-0.6999424112968321,-4.126127916496003,-1.136329488615873,-0.9765458252400678,-1
-0.8538784363941865,1.8761379354172334,-0.36530024887970564,0.604696528745798,0.8471484110007936,0.25474575116171433,-0.42829718942819245,0.39357502411132145,1
1.2172104572978075,1.8134161292348212,0.07961788216346644,1.3697040877772264,0.41740096036256424,0.07488583518749739,0.7966613458920874,0.22230991794239777,1
-1.1497482783501858,0.05720555612728124,0.07961788216346644,-1.3078223688327733,-0.6999424112968321,0.5373827619783408,-0.6475992289995978,1.592430767293787,1
1.5130802992538068,1.5625289045051727,2.192979004618534,0.22219274923008378,1.3628453517666688,1.7064722158107524,0.8029271184512701,1.7636958734627106,1
1.2172104572978075,-0.09959895932874913,0.07961788216346644,-0.09656040036634475,-0.6999424112968321,-1.1584393029214204,3.168256259542858,1.078635448787016,-1
-0.5580085944381874,-0.6640952149704584,-0.36530024887970564,0.15844211931079807,-0.6999424112968321,-0.3105282704715398,-0.302981738244532,-1.0621783783245295,-1
0.9213406153418086,-0.22504257169357342,0.3020769476850525,-0.22406166020491616,0.24550198010727253,-1.068509344934312,0.004041117155435811,-0.20585284747991137,-1
0.033731089473810996,0.4648972963129602,-0.031611650597326575,-1.3078223688327733,-0.6999424112968321,-0.11782121764202144,2.247187693342955,-0.9765458252400678,1
0.6254707733858094,0.7157845210426087,0.07961788216346644,0.41344463898794087,1.2597059636134937,0.22905147745111154,-0.6569978878383723,0.564840130280245,-1
2.6965596670778034,0.9666717457722573,1.0806836770106036,0.7959484185036552,-0.450688889926659,-0.6830952392752752,0.8342559812471851,0.8217377895336305,1
2.400689825121804,-1.1658696644297555,0.07961788216346644,0.6684471586650838,-0.6999424112968321,-0.3105282704715398,-0.5254166640955291,1.078635448787016,1
-0.8538784363941865,-0.1309598624199552,0.9694541442498106,0.22219274923008378,0.546325195554033,0.3061342985829191,-0.19333071845882935,0.564840130280245,1
-0.26213875248218815,1.6252507106875849,0.6357655459674315,1.7522078672929406,3.2967088796387007,0.8071726359396666,5.239094090352845,-0.7196481659866824,1
-0.5580085944381874,-0.41320799024080984,-1.0326774454444638,0.34969400906865516,-0.15846062349266307,0.049191561476894574,-0.45962605222410735,-0.9765458252400678,-1
-1.1497482783501858,0.3080927808569298,-0.25407071611891263,1.242202827938655,-0.6999424112968321,0.28044002487231623,-0.8418381783342713,-0.9765458252400678,1
-1.1497482783501858,-0.6013734087880462,-0.36530024887970564,1.6247066074543692,-0.02953638830119426,1.0898096467562939,0.09802770554318095,-1.0621783783245295,-1
-0.26213875248218815,0.2767318777657237,0.4133064804458455,0.15844211931079807,-0.02094143928842967,-0.4775410495904558,-0.44396162082615,0.05104481177347413,1
-0.5580085944381874,0.18264916849210552,-1.3663660437268428,0.030940859472226655,2.1793655079793046,0.29328716172761765,-0.9044959039261014,-0.9765458252400678,-1
-0.5580085944381874,0.7157845210426087,-0.6989888471620846,0.7959484185036552,0.4603757054263872,-0.06643267022081627,-0.13380587914659048,-0.7196481659866824,1
-0.8538784363941865,0.025844653036075166,1.0806836770106036,1.9434597570507979,1.190946371511377,2.2588991005887054,-0.4376958482669668,-0.20585284747991137,1
1.808950141209806,0.24537097467451766,-0.47652978164049864,0.9872003082615123,-0.6999424112968321,1.1668924678881014,-0.07428103983435194,0.39357502411132145,1
-0.26213875248218815,-0.19368166860236732,-0.25407071611891263,1.1784521980193694,0.5033504504902101,0.7686312253737633,-0.9859509471954806,-0.4627505067332968,-1
2.104819983165805,1.0607544550458756,0.3020769476850525,0.4771952689072266,0.5892999406178561,0.151968656319304,2.7829112471531037,1.5067982142093252,1
-0.8538784363941865,-1.0404260520649313,-0.47652978164049864,0.22219274923008378,-0.3217646547351902,-0.28483399676093746,-0.13380587914659048,-0.890913272155606,-1
0.6254707733858094,0.11992736230969338,0.4133064804458455,0.6684471586650838,-0.6999424112968321,-0.5803181444328652,0.3141968588349948,1.3355331080404016,1
1.2172104572978075,-0.3504861840583977,0.3020769476850525,-1.3078223688327733,-0.6999424112968321,-0.5546238707222628,-0.7133898408710195,2.106226085800558,-1
-0.26213875248218815,0.2140100715833116,0.4133064804458455,-1.3078223688327733,-0.6999424112968321,-1.4153820400274448,-0.6162703662036827,1.8493284265471726,-1
1.2172104572978075,-0.6640952149704584,0.3020769476850525,-1.3078223688327733,-0.6999424112968321,0.8457140465055708,-0.8606354960118203,0.7361052364491687,-1
1.2172104572978075,-1.7617268231626708,0.07961788216346644,0.15844211931079807,-0.6999424112968321,-0.015044122799611549,0.42384787862069767,0.7361052364491687,-1
-0.5580085944381874,-0.2877643778759856,0.8582246114890175,1.3697040877772264,0.6752494307455019,0.8071726359396666,-0.6851938643546959,-0.4627505067332968,-1
-1.1497482783501858,0.4335363932217541,1.3031427425321895,1.6247066074543692,0.546325195554033,1.0898096467562939,-0.5661441857302187,-0.6340156129022205,-1
-1.1497482783501858,-0.1309598624199552,-0.25407071611891263,0.6684471586650838,0.9159080031029103,-0.16920976506322616,0.08862904670440641,-0.9765458252400678,-1
1.5130802992538068,-0.2877643778759856,0.6357655459674315,0.7321977885843695,0.8041736659369707,0.26759288801701575,-0.6413334564404148,0.22230991794239777,1
-0.26213875248218815,2.06430335396447,-0.031611650597326575,0.09469148939151237,1.0190473912560853,0.5502298988336422,-0.17766628706087179,0.22230991794239777,1
0.3296009314298102,-1.0404260520649313,-0.25407071611891263,0.030940859472226655,-0.5022585840032465,-0.9914265238025047,-0.38443678151391114,-0.29148540056437316,-1
2.104819983165805,0.4335363932217541,-3.9246452972250823,-1.3078223688327733,-0.6999424112968321,2.5929246588265364,0.35492438046968444,0.564840130280245,1
-1.1497482783501858,-0.2564034747847795,0.5245360132066386,-0.2878122901242019,-0.6999424112968321,-0.1435154913526238,1.282258719228771,-1.0621783783245295,-1
-0.8538784363941865,1.8761379354172334,0.4133064804458455,1.3697040877772264,1.8183776494431918,1.0127268256244863,2.48528705059191,-0.9765458252400678,1
-0.8538784363941865,1.6252507106875849,0.19084741492425947,-1.3078223688327733,-0.6999424112968321,0.6016184462548468,-1.180189896530154,0.39357502411132145,1
-0.8538784363941865,-0.09959895932874913,-0.6989888471620846,0.9872003082615123,0.10798279590303914,0.151968656319304,-0.6382005701608233,-0.890913272155606,-1
-0.5580085944381874,-0.6954561180616645,-0.031611650597326575,-0.2878122901242019,-0.3217646547351902,-1.5053119980145537,-0.7196556134302026,-0.5483830598177587,-1
-1.1497482783501858,-0.38184708714960375,0.9694541442498106,0.604696528745798,-0.6999424112968321,0.049191561476894574,1.2227338799165322,0.39357502411132145,1
1.5130802992538068,1.3430025828667302,0.4133064804458455,-1.3078223688327733,-0.6999424112968321,0.08773297204279788,-0.9922167197546636,0.9930028957025542,1
-0.8538784363941865,-0.38184708714960375,-0.5877593144012917,-0.7978173294784875,0.8643383090263228,-0.8629551552494925,1.5109594176389511,-1.0621783783245295,-1
2.104819983165805,0.18264916849210552,1.9705199390969477,-1.3078223688327733,-0.6999424112968321,0.8842554570714741,-0.8606354960118203,1.5067982142093252,-1
1.808950141209806,0.8412281334074331,0.7469950787282246,1.7522078672929406,1.337060504728375,0.7043955410972572,1.680135276736892,1.5067982142093252,1
-1.1497482783501858,-0.8836215366089009,1.6368313408145687,1.1784521980193694,-0.08110608237778179,1.449529478704728,1.7427930023287221,0.13667736485793594,-1
-0.5580085944381874,-0.03687715314633698,-0.9214479126836708,-1.3078223688327733,-0.6999424112968321,-0.6830952392752752,-0.0304206319200708,-0.5483830598177587,-1
-0.8538784363941865,-0.9777042458825191,-0.47652978164049864,-0.16031103028563046,-0.19284041954372141,-0.9014965658153958,2.5166159133878248,-0.7196481659866824,-1
0.6254707733858094,0.05720555612728124,0.07961788216346644,1.5609559775350836,1.276895861639023,0.19051006688520822,0.8405217538063682,0.05104481177347413,-1
2.9924295090338027,-0.6640952149704584,0.4133064804458455,0.28594337914936946,0.881528207051852,0.575924172544245,-0.16513474194250558,1.078635448787016,1
1.2172104572978075,1.719333419961203,1.0806836770106036,0.8596990484229409,1.878542292532544,0.20335720374050964,0.0071740034350273214,2.106226085800558,1
2.104819983165805,-0.03687715314633698,0.5245360132066386,1.050950938180798,0.5892999406178561,1.3082109732964142,1.0034318403451268,1.2499005549559397,1
1.2172104572978075,1.9388597415996456,-0.36530024887970564,-1.3078223688327733,-0.6999424112968321,-1.1327450292108179,0.6494156907512864,-0.12022029439544953,1
-1.1497482783501858,-0.5072906995144281,-0.36530024887970564,1.3059534578579408,0.5205403485157393,1.2054338784540048,-0.9138945627648758,-0.9765458252400678,-1
-0.5580085944381874,-0.6640952149704584,-0.25407071611891263,-0.03280977044705905,0.07360299985198078,0.10058010889809929,1.2603285152716301,-0.4627505067332968,1
-0.26213875248218815,-0.16232076551116126,0.19084741492425947,-0.3515629200434876,0.2025272350434496,-0.7473309235517812,-1.1206650572179155,-0.8052807190711442,-1
0.9213406153418086,-0.22504257169357342,-0.36530024887970564,-1.3078223688327733,-0.6999424112968321,-0.6060124181434681,0.8373888675267767,0.05104481177347413,1
0.6254707733858094,0.11992736230969338,-0.1428411833581196,0.604696528745798,0.3314514702349184,-0.27198685990563604,-0.002224655403747383,-0.12022029439544953,-1
1.808950141209806,-0.3191252809671916,-0.031611650597326575,0.41344463898794087,-0.6999424112968321,-0.5931652812881666,-1.0141469237118041,0.564840130280245,1
-0.26213875248218815,1.3116416797755241,-0.031611650597326575,-0.16031103028563046,0.2025272350434496,-0.06643267022081627,-0.6162703662036827,-0.4627505067332968,1
-0.26213875248218815,-0.2877643778759856,0.19084741492425947,0.604696528745798,-0.6999424112968321,-0.06643267022081627,-0.8387052920546799,-0.7196481659866824,1
-0.8538784363941865,-1.5735614046154345,-1.2551365109660497,-0.16031103028563046,-0.04672628632672343,-1.5053119980145537,-0.44396162082615,-0.9765458252400678,-1
-0.8538784363941865,-0.8208997304264888,0.19084741492425947,0.030940859472226655,-0.07251113336501719,-0.7987194709729865,0.6525485770308775,0.22230991794239777,-1
0.3296009314298102,-0.16232076551116126,0.19084741492425947,-1.3078223688327733,-0.6999424112968321,-0.8372608815388897,-0.8261737469363137,-0.29148540056437316,-1
-0.8538784363941865,-0.2564034747847795,-0.36530024887970564,0.9234496783422266,-0.6999424112968321,0.19051006688520822,0.2452733606839816,-1.0621783783245295,1
-0.5580085944381874,-0.22504257169357342,-0.1428411833581196,0.09469148939151237,-0.6999424112968321,-0.438999639024552,-1.1676583514117882,-0.7196481659866824,-1
0.9213406153418086,-0.7581779242440766,0.3020769476850525,0.7321977885843695,0.08219794886474538,1.1283510573221973,1.2728600603899962,-0.12022029439544953,1
-1.1497482783501858,0.7785063272250209,0.6357655459674315,-1.3078223688327733,-0.6999424112968321,1.0769625099009925,4.1237865748182685,0.9073703426180924,-1
0.3296009314298102,-0.7895388273352827,0.19084741492425947,-0.16031103028563046,-0.12408082744160472,0.19051006688520822,1.6676037316185262,0.8217377895336305,-1
0.033731089473810996,-0.3504861840583977,1.1919132097713967,-1.3078223688327733,-0.6999424112968321,0.7043955410972572,-0.8575026097322288,-0.29148540056437316,-1
-0.26213875248218815,1.1548371643194937,-0.031611650597326575,0.604696528745798,2.1192008648899523,0.4346056671359313,-0.37817100895472827,0.13667736485793594,1
-1.1497482783501858,-0.22504257169357342,0.5245360132066386,0.8596990484229409,1.7496180573410751,1.5523065735471382,-0.932691880442425,-0.5483830598177587,-1
-0.8538784363941865,-0.2877643778759856,0.07961788216346644,0.604696528745798,0.8127686149497353,0.29328716172761765,0.19828006649010926,-0.7196481659866824,-1
-1.1497482783501858,-0.946343342791313,-0.1428411833581196,0.7321977885843695,1.1049968813837312,0.999879688769185,-0.2622542166098424,-0.7196481659866824,-1
2.400689825121804,0.9353108426810512,-0.031611650597326575,1.242202827938655,1.629288771162371,1.243975289019908,0.8687177303226917,0.39357502411132145,1
-0.26213875248218815,2.1897469663292943,-0.1428411833581196,-0.3515629200434876,0.41740096036256424,-0.1563626282079252,-0.5191508915363461,0.05104481177347413,-1
-0.8538784363941865,-0.7581779242440766,-0.36530024887970564,-0.09656040036634475,0.004843407749864089,-1.7879490088311807,-0.5191508915363461,-1.0621783783245295,-1
1.5130802992538068,-0.6013734087880462,0.3020769476850525,1.050950938180798,-0.6999424112968321,0.10058010889809929,0.6274854867941458,1.078635448787016,1
-0.5580085944381874,-1.6676441138890528,-0.47652978164049864,-0.479064179882059,-0.5710181761053632,-1.5438534085804572,-0.6507321152791893,-0.890913272155606,-1
0.033731089473810996,-0.1309598624199552,-0.36530024887970564,0.41344463898794087,0.3314514702349184,0.1391215194640035,-0.73532004482816,-0.8052807190711442,-1
1.808950141209806,0.11992736230969338,-0.031611650597326575,0.34969400906865516,0.28847672517109546,-0.1306683544973224,-0.8136422018179479,0.6504726833647069,1
-0.26213875248218815,-1.354035082976992,-1.1439069782052567,0.7321977885843695,0.05641310182645161,-0.1435154913526238,-0.678928091795513,-0.6340156129022205,1
-0.26213875248218815,0.8412281334074331,-0.25407071611891263,0.28594337914936946,-0.6999424112968321,0.049191561476894574,-0.6538650015587808,-0.9765458252400678,-1
-0.8538784363941865,0.2767318777657237,-0.031611650597326575,-0.479064179882059,0.2025272350434496,-0.7987194709729865,0.022838434832984873,-0.9765458252400678,-1
0.033731089473810996,-0.19368166860236732,0.07961788216346644,-1.3078223688327733,-0.6999424112968321,-0.4133053653139497,-0.2779186480077999,1.078635448787016,1
-0.8538784363941865,0.4335363932217541,-0.9214479126836708,-1.3078223688327733,-0.6999424112968321,-0.6959423761305765,0.696408984945159,2.4487562981384055,-1
1.808950141209806,1.248919873593112,-0.1428411833581196,0.15844211931079807,0.43459085838809347,-0.8501080183941911,-0.43456296198737526,1.164268001871478,1
-0.5580085944381874,-0.8522606335176949,-0.1428411833581196,-0.16031103028563046,-0.04672628632672343,-0.785872334117685,0.30166531371662914,-1.0621783783245295,-1
1.2172104572978075,0.11992736230969338,1.4143722752929826,-1.3078223688327733,-0.6999424112968321,-4.126127916496003,-0.7290542722689771,1.7636958734627106,1
0.033731089473810996,0.40217549013054804,0.07961788216346644,-1.3078223688327733,-0.6999424112968321,-1.068509344934312,-0.5880743896873593,2.2774911919694816,1
-0.8538784363941865,-0.5700125056968401,0.5245360132066386,-0.6065654397206304,0.004843407749864089,-1.633783366567566,0.08236327414522339,-0.9765458252400678,-1
-1.1497482783501858,-0.6640952149704584,0.9694541442498106,2.5172154263243693,0.24550198010727253,1.8863321317849693,1.5579527118328238,-0.20585284747991137,-1
0.3296009314298102,0.809867230316227,0.24646218130465597,-1.3078223688327733,-0.6999424112968321,-0.28483399676093746,-0.09621124379149251,-0.4627505067332968,-1
-0.8538784363941865,0.4648972963129602,0.19084741492425947,1.879709127131512,1.0534271873071437,0.6787012673866544,-0.20586226357719536,-0.8052807190711442,-1
-0.5580085944381874,-0.6327343118792523,-0.6989888471620846,-0.22406166020491616,1.5777190770857834,-1.0171207975131071,0.4677082865349788,-0.890913272155606,-1
0.9213406153418086,-0.475929796423222,1.1919132097713967,-0.16031103028563046,-0.6999424112968321,-1.2098278503426254,-0.7196556134302026,1.2499005549559397,-1
0.9213406153418086,2.3465514817853244,1.0806836770106036,-1.3078223688327733,-0.6999424112968321,0.9870325519138836,-0.042952177038436845,0.6504726833647069,1
-0.5580085944381874,-0.9777042458825191,-0.031611650597326575,-0.22406166020491616,-0.6999424112968321,-0.618859554998769,-1.1895885553689285,-0.9765458252400678,-1
-0.8538784363941865,-0.3191252809671916,-0.47652978164049864,-0.479064179882059,0.8643383090263228,-1.0428150712237094,-1.0235455825505786,-0.890913272155606,-1
-0.26213875248218815,-1.1972305675209616,-0.6989888471620846,0.6684471586650838,-0.5452333290670694,0.28044002487231623,-0.4032340991914602,-0.7196481659866824,-1
-0.8538784363941865,-0.3191252809671916,1.3031427425321895,-1.3078223688327733,-0.6999424112968321,0.08773297204279788,-0.6256690250424572,0.9930028957025542,-1
0.3296009314298102,0.4648972963129602,0.6357655459674315,-1.3078223688327733,-0.6999424112968321,-4.126127916496003,0.5491633298043581,3.048184169729638,-1
-0.26213875248218815,1.656611613778791,-0.6989888471620846,0.09469148939151237,0.9674776971794978,0.10058010889809929,0.4019176746635571,0.22230991794239777,1
-0.5580085944381874,-1.0404260520649313,-0.6989888471620846,0.34969400906865516,-0.5624232270925986,-0.4775410495904558,0.9439070010328877,-0.9765458252400678,-1
-0.8538784363941865,-0.8208997304264888,-0.5877593144012917,-0.16031103028563046,-0.201435368556486,-1.0556622080790108,-0.6413334564404148,-0.9765458252400678,-1
1.2172104572978075,-0.5072906995144281,1.6368313408145687,0.9872003082615123,-0.6999424112968321,1.4366823418494263,-0.7071240683118365,0.9930028957025542,1
2.400689825121804,-0.475929796423222,0.5245360132066386,-1.3078223688327733,-0.6999424112968321,-1.0942036186449142,-1.0266784688301702,0.9073703426180924,-1
-0.26213875248218815,0.9039499395898452,0.3020769476850525,-1.3078223688327733,-0.6999424112968321,-1.4282291768827462,-0.8073764292587648,0.3079424710268596,-1
-0.26213875248218815,0.5589800055865783,-0.9214479126836708,-1.3078223688327733,-0.6999424112968321,-0.8372608815388897,-0.19646360473842067,-0.9765458252400678,1
-0.8538784363941865,-1.5735614046154345,-0.47652978164049864,-1.3078223688327733,-0.6999424112968321,-1.3254520820403364,-0.15260319682413953,-0.6340156129022205,-1
0.033731089473810996,0.33945368394813585,-3.9246452972250823,-1.3078223688327733,-0.6999424112968321,0.10058010889809929,-0.5097522326975715,-0.890913272155606,1
-0.5580085944381874,-0.38184708714960375,1.1919132097713967,-1.3078223688327733,-0.6999424112968321,1.35959952071762,1.191405017120617,1.7636958734627106,-1
-0.5580085944381874,-1.5735614046154345,-0.031611650597326575,0.41344463898794087,-0.6999424112968321,-0.5289295970116605,0.37998747070641653,-0.9765458252400678,-1
-1.1497482783501858,0.7471454241338148,-3.9246452972250823,-1.3078223688327733,-0.6999424112968321,1.5523065735471382,0.5178344670084429,-0.20585284747991137,1
0.6254707733858094,-0.41320799024080984,-1.4775955764876358,-0.03280977044705905,0.41740096036256424,-1.0428150712237094,1.0911526561736886,0.13667736485793594,-1
0.033731089473810996,-0.6954561180616645,0.07961788216346644,-0.22406166020491616,-0.6999424112968321,-0.8372608815388897,-0.5348153229343036,-0.4627505067332968,-1
-0.5580085944381874,-1.2599523737033738,-0.5877593144012917,0.09469148939151237,-0.6999424112968321,-0.5674710075775643,-0.5473468680526696,-0.7196481659866824,-1
0.033731089473810996,-0.6954561180616645,0.3020769476850525,-0.3515629200434876,-0.2616000116458381,-1.1455921660661195,-0.7572502487853006,-1.0621783783245295,-1
-0.5580085944381874,-0.1309598624199552,1.0806836770106036,-0.09656040036634475,-0.08970103139054637,-0.8886494289600949,-0.47529048362206494,-1.0621783783245295,-1
-0.8538784363941865,-0.6640952149704584,0.07961788216346644,-0.5428148098013447,-0.09829598040331096,-0.8758022921047934,0.6055552828370049,-0.4627505067332968,-1
0.9213406153418086,-1.1972305675209616,0.4133064804458455,0.34969400906865516,-0.08970103139054637,-0.3619168178927445,0.9470398873124796,0.22230991794239777,-1
3.8800390349018,1.3116416797755241,0.07961788216346644,1.3059534578579408,0.2798817761583309,1.1283510573221973,1.1036842012920551,1.164268001871478,1
-0.26213875248218815,0.33945368394813585,0.5245360132066386,-1.3078223688327733,-0.6999424112968321,0.29328716172761765,-0.19646360473842067,0.9073703426180924,1
0.033731089473810996,-0.09959895932874913,-0.031611650597326575,-1.3078223688327733,-0.6999424112968321,1.5908479841130414,1.3762453076165162,-0.6340156129022205,-1
-1.1497482783501858,0.5903409086777844,-0.3096854824993091,0.34969400906865516,0.41740096036256424,1.3467523838623183,-0.10560990263026705,-0.8052807190711442,1
1.808950141209806,-0.914982439700107,-0.47652978164049864,-1.3078223688327733,-0.6999424112968321,-0.7987194709729865,-0.932691880442425,-0.20585284747991137,-1
-0.5580085944381874,-0.6954561180616645,-1.0326774454444638,-0.3515629200434876,0.10798279590303914,-0.965732250091902,0.5397646709655836,-1.0621783783245295,-1
-0.5580085944381874,0.40217549013054804,-0.031611650597326575,-1.3078223688327733,-0.6999424112968321,-0.4133053653139497,0.24214047440439043,-0.890913272155606,1
0.6254707733858094,1.9388597415996456,1.3031427425321895,-1.3078223688327733,-0.6999424112968321,1.1155039204668957,3.1212629653489854,0.9930028957025542,-1
-0.26213875248218815,0.025844653036075166,0.4133064804458455,-1.3078223688327733,-0.6999424112968321,-1.1712864397767218,-0.6601307741179638,0.564840130280245,-1
-0.5580085944381874,0.2140100715833116,-0.36530024887970564,1.3697040877772264,-0.6999424112968321,1.0127268256244863,1.993423904696043,-0.8052807190711442,-1
-1.1497482783501858,-0.5072906995144281,1.0806836770106036,-1.3078223688327733,-0.6999424112968321,-0.3233754073268407,-0.8387052920546799,1.078635448787016,-1
-0.8538784363941865,0.5276191024953724,0.6357655459674315,-1.3078223688327733,-0.6999424112968321,1.0255739624797877,-0.7165227271506109,-0.4627505067332968,-1
0.3296009314298102,-0.38184708714960375,-0.47652978164049864,1.3059534578579408,0.40880601134979966,0.4731470777018346,0.15441965857582812,-0.7196481659866824,1
0.3296009314298102,-0.5700125056968401,2.0817494718577407,1.050950938180798,-0.6999424112968321,0.909949730782077,-0.500353573858797,2.7056539573917906,-1
0.3296009314298102,-0.8208997304264888,0.07961788216346644,0.7959484185036552,-0.6999424112968321,0.7172426779525586,-0.296715965685349,-0.5483830598177587,-1
0.033731089473810996,-0.16232076551116126,0.07961788216346644,-0.5428148098013447,0.04781815281368702,-1.2869106714744325,-0.005357541683338894,0.3079424710268596,-1
-0.5580085944381874,-1.44811779225061,-0.36530024887970564,0.22219274923008378,-0.22722021559477976,-0.3105282704715398,-0.296715965685349,-0.0345877413109877,-1
0.033731089473810996,0.025844653036075166,-0.1428411833581196,-1.3078223688327733,-0.6999424112968321,0.3703699828594252,-0.22152669497515293,-0.377117953648835,-1
0.033731089473810996,2.3779123848765304,-0.031611650597326575,1.1784521980193694,5.694699654200021,0.5887713093995464,5.840608256034415,-0.20585284747991137,-1
-0.8538784363941865,-0.8836215366089009,-0.8102183799228777,-0.6065654397206304,-0.6999424112968321,-1.235522124053228,-0.149470310544548,-0.9765458252400678,-1
2.6965596670778034,-1.4167568891594042,-0.5877593144012917,-1.3078223688327733,-0.6999424112968321,0.08773297204279788,-0.8919643588077354,0.6504726833647069,-1
-0.5580085944381874,1.687972516869997,0.9694541442498106,-1.3078223688327733,-0.6999424112968321,-1.1841335766320231,-0.43456296198737526,-0.9765458252400678,-1
1.5130802992538068,1.3743634859579363,0.9694541442498106,-1.3078223688327733,-0.6999424112968321,-0.22059831248443132,-0.5097522326975715,1.3355331080404016,1
1.2172104572978075,2.3779123848765304,0.19084741492425947,-1.3078223688327733,-0.6999424112968321,-0.7987194709729865,2.275383669859278,0.4792075771957833,1
-0.5580085944381874,-0.2877643778759856,-0.1428411833581196,0.09469148939151237,0.10798279590303914,0.25474575116171433,-0.4690247110628819,-0.6340156129022205,-1
1.808950141209806,-0.19368166860236732,-3.9246452972250823,-1.3078223688327733,-0.6999424112968321,-4.126127916496003,-0.6382005701608233,-0.29148540056437316,1
0.6254707733858094,-0.7268170211528705,-0.6989888471620846,0.7959484185036552,0.9330979011284395,0.24189861430641293,-0.10874278890985856,0.8217377895336305,-1
-1.1497482783501858,0.15128826540089946,0.8582246114890175,0.41344463898794087,0.3314514702349184,-0.6060124181434681,0.15755254485541964,-1.0621783783245295,-1
-0.5580085944381874,0.7785063272250209,-3.9246452972250823,-1.3078223688327733,-0.6999424112968321,-0.5931652812881666,-0.703991182032245,-0.4627505067332968,1
0.033731089473810996,0.9353108426810512,1.0806836770106036,1.1147015681000836,-0.6999424112968321,-0.3105282704715398,-0.5348153229343036,0.22230991794239777,-1
-0.26213875248218815,-1.1658696644297555,-0.1428411833581196,0.604696528745798,0.2111221840562142,-0.027891259654912955,0.39565190210437406,-0.7196481659866824,-1
0.6254707733858094,-0.38184708714960375,-0.5877593144012917,0.41344463898794087,-0.6999424112968321,-0.9143437026706972,-0.8105093155383561,-0.5483830598177587,-1
-0.8538784363941865,0.2140100715833116,0.9694541442498106,1.1784521980193694,0.24550198010727253,0.5630770356889435,1.8555769083940166,0.3079424710268596,1
-0.26213875248218815,-0.3191252809671916,1.0806836770106036,-0.5428148098013447,-0.02953638830119426,-0.4775410495904558,0.09489481926358943,-0.377117953648835,-1
-1.1497482783501858,-0.41320799024080984,-0.1428411833581196,-0.03280977044705905,-0.6999424112968321,-0.618859554998769,1.0096976129043098,-0.12022029439544953,-1
0.3296009314298102,1.4684461952315544,-0.36530024887970564,-1.3078223688327733,-0.6999424112968321,0.10058010889809929,-1.0329442413893533,0.6504726833647069,1
-0.26213875248218815,-0.41320799024080984,-0.47652978164049864,0.22219274923008378,-0.6999424112968321,-0.785872334117685,-0.7572502487853006,-0.7196481659866824,-1
1.5130802992538068,0.2767318777657237,-0.031611650597326575,-1.3078223688327733,-0.6999424112968321,0.26759288801701575,0.5867579651594562,0.9930028957025542,1
0.9213406153418086,1.2175589705019059,-0.9214479126836708,0.7321977885843695,0.8041736659369707,-0.20775117562912992,0.38625324326559957,0.4792075771957833,1
-0.8538784363941865,1.4684461952315544,0.9694541442498106,0.5409458988265123,-0.6999424112968321,0.3703699828594252,1.3793781938961076,1.592430767293787,1
-0.8538784363941865,0.9353108426810512,-0.5877593144012917,-1.3078223688327733,-0.6999424112968321,-0.7730251972623836,-0.8950972450873269,-0.9765458252400678,-1
1.5130802992538068,-0.946343342791313,-0.1428411833581196,-1.3078223688327733,-0.6999424112968321,-1.0171207975131071,-0.8293066332159053,2.106226085800558,-1
-0.8538784363941865,0.11992736230969338,-1.1439069782052567,1.242202827938655,0.735414073834854,0.151968656319304,1.5579527118328238,-0.4627505067332968,1
-0.8538784363941865,0.37081458703934195,1.7480608735753618,0.4771952689072266,0.5033504504902101,0.08773297204279788,-0.7227884997097941,0.9930028957025542,1
-1.1497482783501858,0.2140100715833116,-0.1428411833581196,-0.09656040036634475,0.8471484110007936,-0.20775117562912992,2.9019609257775802,-0.7196481659866824,1
-0.5580085944381874,-1.0090651489737252,1.0806836770106036,0.604696528745798,-0.6999424112968321,0.17766293002990682,-0.5410810954934866,0.7361052364491687,-1
-0.26213875248218815,-0.475929796423222,-0.9214479126836708,0.030940859472226655,0.6580595327199728,-0.1563626282079252,-0.5410810954934866,-0.8052807190711442,-1
0.6254707733858094,-1.0717869551561374,0.5245360132066386,-1.3078223688327733,-0.6999424112968321,-1.1455921660661195,-1.1927214416485201,-0.12022029439544953,-1
0.3296009314298102,0.5589800055865783,0.5245360132066386,0.9234496783422266,0.6752494307455019,-0.06643267022081627,-0.3249119422016726,-0.7196481659866824,1
1.5130802992538068,1.5311680014139666,0.19084741492425947,0.6684471586650838,-0.6999424112968321,1.5266122998365355,-0.19333071845882935,0.8217377895336305,1
-1.1497482783501858,-0.946343342791313,0.5245360132066386,-1.3078223688327733,-0.6999424112968321,0.036344424621593166,0.4269807649002892,-0.5483830598177587,-1
-0.26213875248218815,-1.2913132767945799,-3.9246452972250823,-1.3078223688327733,-0.6999424112968321,-4.126127916496003,-0.9107616764852845,-0.9765458252400678,-1
1.2172104572978075,1.0293935519546695,0.4133064804458455,0.7321977885843695,-0.6999424112968321,0.036344424621593166,-0.0680152672751691,0.9930028957025542,1
1.2172104572978075,1.8761379354172334,-0.1428411833581196,0.9872003082615123,3.5545573500216383,-0.2591397230503346,0.47084117281457033,2.2774911919694816,1
0.6254707733858094,-0.914982439700107,1.1919132097713967,-1.3078223688327733,-0.6999424112968321,-1.56954768229106,-0.8669012685710034,-0.4627505067332968,-1
-0.5580085944381874,-0.475929796423222,-0.8102183799228777,0.41344463898794087,0.7182241758093248,-0.40045822845864826,-0.1212743340282246,-0.9765458252400678,-1
2.104819983165805,0.5276191024953724,0.19084741492425947,0.34969400906865516,0.5377302465412684,0.5116884882677388,0.28913376859826306,1.4211656611248633,1
-1.1497482783501858,-0.09959895932874913,-0.36530024887970564,0.15844211931079807,0.0650080508392162,-4.126127916496003,3.967142260838692,-1.0621783783245295,-1
-0.5580085944381874,-0.5072906995144281,-0.6989888471620846,1.242202827938655,0.10798279590303914,0.35752284600412376,-0.7509844762261175,-0.7196481659866824,-1
0.3296009314298102,0.15128826540089946,0.4133064804458455,0.41344463898794087,-0.5108535330160111,-0.3233754073268407,-0.08054681239353496,0.564840130280245,-1
0.6254707733858094,-1.1345087613385494,0.4133064804458455,-1.3078223688327733,-0.6999424112968321,-0.11782121764202144,-0.25912133033025087,0.7361052364491687,-1
-0.8538784363941865,-0.7581779242440766,-0.031611650597326575,-0.3515629200434876,-0.6999424112968321,-1.7879490088311807,-0.9953496060342552,-1.0621783783245295,-1
-0.8538784363941865,-1.0717869551561374,-0.5877593144012917,1.050950938180798,-0.05532123533948802,0.6530069936760525,0.1387552271778706,-0.9765458252400678,-1
-1.1497482783501858,0.7785063272250209,-0.031611650597326575,-1.3078223688327733,-0.6999424112968321,0.7429369516631605,-0.4094998717506434,-0.4627505067332968,1
-0.8538784363941865,-0.16232076551116126,0.4133064804458455,0.5409458988265123,0.8471484110007936,0.5116884882677388,0.09802770554318095,-0.7196481659866824,-1
0.9213406153418086,0.9039499395898452,-0.25407071611891263,1.3697040877772264,2.2395301510686565,0.33182857229352186,0.7935284596124955,0.7361052364491687,-1
-0.26213875248218815,-0.6954561180616645,-0.9214479126836708,-0.09656040036634475,0.03922320380092244,-0.8372608815388897,-0.9734194020771145,-0.8052807190711442,-1
0.3296009314298102,0.33945368394813585,0.5245360132066386,-1.3078223688327733,-0.6999424112968321,-0.6830952392752752,-0.8731670411301862,3.048184169729638,-1
1.5130802992538068,-0.03687715314633698,0.07961788216346644,0.09469148939151237,-0.21862526658201517,-1.4539234505933485,0.8405217538063682,1.2499005549559397,-1
-0.8538784363941865,-0.7895388273352827,-0.36530024887970564,0.41344463898794087,0.04781815281368702,0.1391215194640035,-0.5504797543322612,-1.0621783783245295,-1
-0.5580085944381874,0.025844653036075166,-1.0326774454444638,1.4334547176965122,0.6580595327199728,0.5245356251230402,1.1005513150124633,-0.4627505067332968,-1
-0.8538784363941865,-1.0090651489737252,-0.25407071611891263,0.15844211931079807,0.10798279590303914,-0.5160824601563592,-0.932691880442425,-1.0621783783245295,-1
0.9213406153418086,0.9666717457722573,0.9694541442498106,1.4972053476157978,-0.6999424112968321,2.297440511154609,-0.4001012129118687,0.22230991794239777,1
0.3296009314298102,-1.1031478582473435,-0.1428411833581196,0.4771952689072266,-0.08970103139054637,-0.2462925861950337,-0.3155132833628981,-0.8052807190711442,-1
-1.1497482783501858,-1.1658696644297555,0.6357655459674315,0.6684471586650838,0.3744262152987413,0.7814783622290647,-0.7259213859893855,-0.890913272155606,-1
-1.1497482783501858,0.49625819940416627,-0.1428411833581196,-0.4153135499627733,0.5721100425923268,-0.9400379763812996,-1.0078811511526211,-1.0621783783245295,-1
0.9213406153418086,0.4648972963129602,1.0806836770106036,-1.3078223688327733,-0.6999424112968321,-0.28483399676093746,-0.7979777704199903,1.4211656611248633,-1
-0.5580085944381874,-0.3191252809671916,-0.5877593144012917,-1.3078223688327733,-0.6999424112968321,-0.7601780604070827,-0.3813038952343198,-0.890913272155606,-1
-0.8538784363941865,-0.41320799024080984,-0.5877593144012917,1.6247066074543692,0.8299585129752645,0.4346056671359313,-0.15573608310373122,-0.8052807190711442,-1
0.9213406153418086,0.4648972963129602,0.19084741492425947,0.34969400906865516,0.4603757054263872,-0.785872334117685,0.5710935337614986,1.5067982142093252,-1
-0.5580085944381874,-0.3504861840583977,0.19084741492425947,0.5409458988265123,0.3744262152987413,0.036344424621593166,0.7308707340206654,-0.5483830598177587,-1
-0.8538784363941865,-0.9777042458825191,-0.1428411833581196,-0.7978173294784875,-0.6999424112968321,-0.9785793869472034,2.1093406970409285,0.22230991794239777,-1
0.033731089473810996,1.0293935519546695,-0.47652978164049864,0.6684471586650838,1.7410231083283105,0.08773297204279788,-0.7133898408710195,-0.890913272155606,-1
-1.1497482783501858,-0.005516250055130907,-0.25407071611891263,0.604696528745798,0.7182241758093248,0.28044002487231623,-0.8199079743771307,-0.0345877413109877,1
2.400689825121804,-0.005516250055130907,0.4133064804458455,-0.22406166020491616,-0.6999424112968321,-0.7216366498411789,-0.6444663427200062,2.4487562981384055,-1
1.5130802992538068,0.7471454241338148,0.9694541442498106,0.8596990484229409,0.7182241758093248,-0.23344544933973227,0.9595714324308452,1.678063320378249,1
-1.1497482783501858,-0.6013734087880462,0.4133064804458455,1.242202827938655,0.07360299985198078,0.3061342985829191,-0.7102569545914279,-0.8052807190711442,-1
-1.1497482783501858,-0.6013734087880462,0.8582246114890175,-0.22406166020491616,0.2025272350434496,-0.3619168178927445,0.7214720751818908,-0.5483830598177587,-1
0.9213406153418086,0.809867230316227,0.3020769476850525,-1.3078223688327733,-0.6999424112968321,0.9356440044926788,-0.6507321152791893,0.8217377895336305,1
-0.8538784363941865,1.5938898075963788,-0.1428411833581196,1.8159584972122265,4.2765330670938635,1.3210581101517156,0.7434022791390317,-0.4627505067332968,1
-0.26213875248218815,-0.5700125056968401,0.07961788216346644,0.604696528745798,0.6064898386433852,-0.5803181444328652,0.8311230949675936,-0.5483830598177587,-1
0.6254707733858094,-0.44456889333201594,0.9694541442498106,-1.3078223688327733,-0.6999424112968321,0.6016184462548468,0.8217244361288192,-0.20585284747991137,-1
-1.1497482783501858,0.3080927808569298,0.9694541442498106,-1.3078223688327733,-0.6999424112968321,-0.06643267022081627,0.8718506166022832,-0.12022029439544953,1
0.033731089473810996,0.7157845210426087,-0.6989888471620846,0.4771952689072266,0.5033504504902101,-0.33622254418214215,-0.5567455268914442,0.3079424710268596,-1
-1.1497482783501858,0.5589800055865783,-0.47652978164049864,-0.22406166020491616,1.1049968813837312,-1.2869106714744325,-0.8073764292587648,-1.0621783783245295,-1
2.6965596670778034,1.1548371643194937,2.41543807014012,-1.3078223688327733,-0.6999424112968321,1.3082109732964142,-0.6507321152791893,0.9073703426180924,1
1.5130802992538068,-0.06823805623754305,0.5245360132066386,0.9234496783422266,-0.6999424112968321,-0.40045822845864826,-0.6319347976016403,-0.377117953648835,1
1.2172104572978075,2.095664257055676,0.4133064804458455,-1.3078223688327733,-0.6999424112968321,2.027650637193283,-1.0266784688301702,0.8217377895336305,1
0.9213406153418086,-1.2599523737033738,0.4133064804458455,1.242202827938655,-0.2873848586841319,1.8734849949296688,-0.6382005701608233,0.7361052364491687,-1
-0.8538784363941865,-0.6640952149704584,-0.25407071611891263,-0.3515629200434876,-0.21862526658201517,-1.0942036186449142,0.630618373073737,-0.6340156129022205,-1
0.033731089473810996,-0.914982439700107,0.5245360132066386,-1.3078223688327733,-0.6999424112968321,1.2953638364411137,-0.7133898408710195,-0.377117953648835,-1
-0.5580085944381874,-0.09959895932874913,0.5245360132066386,-1.3078223688327733,-0.6999424112968321,1.3852937944282218,0.7152063026227078,-1.0621783783245295,1
0.9213406153418086,1.8761379354172334,0.7469950787282246,0.030940859472226655,0.9502877991539687,0.48599421455713604,0.37998747070641653,1.5067982142093252,1
0.033731089473810996,0.8412281334074331,-0.5877593144012917,0.41344463898794087,2.0332513747623064,-0.1563626282079252,-0.9859509471954806,-0.377117953648835,1
0.9213406153418086,-0.6640952149704584,-3.9246452972250823,-1.3078223688327733,-0.6999424112968321,-0.27198685990563604,0.060433070188082826,-0.12022029439544953,1
1.2172104572978075,0.15128826540089946,0.9694541442498106,0.9872003082615123,0.22831208208174336,0.8200197727949681,-0.36250657755677074,1.3355331080404016,-1
1.2172104572978075,-1.1658696644297555,0.19084741492425947,0.6684471586650838,-0.6999424112968321,0.7943254990843652,-0.024154859360887782,0.4792075771957833,-1
-1.1497482783501858,-1.4794786953418162,-1.0326774454444638,-0.6703160696399161,-0.3905242468373069,-0.5546238707222628,-0.6131374799240914,-0.9765458252400678,-1
-0.8538784363941865,2.4406341910589426,0.3020769476850525,1.4334547176965122,-0.6999424112968321,1.3852937944282218,2.911359584616355,-0.9765458252400678,1
0.9213406153418086,0.11992736230969338,0.8582246114890175,-1.3078223688327733,-0.6999424112968321,0.7043955410972572,-0.5034864601383885,1.5067982142093252,-1
0.3296009314298102,-0.3504861840583977,-0.1428411833581196,-1.3078223688327733,-0.6999424112968321,-0.785872334117685,-0.5410810954934866,-0.29148540056437316,-1
1.2172104572978075,2.3465514817853244,0.3020769476850525,0.5409458988265123,1.7066433122772522,0.6915484042419557,0.4395123100186552,2.020593532716096,1
-0.8538784363941865,-0.38184708714960375,-0.6989888471620846,-0.16031103028563046,0.29707167418386005,-0.4646939127351544,-0.7697817939036667,-0.9765458252400678,-1
0.3296009314298102,-0.475929796423222,0.6357655459674315,0.604696528745798,-0.6999424112968321,0.9484911413479803,-0.5598784131710355,0.39357502411132145,-1
-0.5580085944381874,-0.41320799024080984,0.5245360132066386,-1.3078223688327733,-0.6999424112968321,-0.6574009655646728,-0.6444663427200062,1.592430767293787,1
-0.8538784363941865,0.08856645921848731,-0.5877593144012917,0.7321977885843695,-0.6999424112968321,0.4731470777018346,0.15441965857582812,-1.0621783783245295,-1
-0.8538784363941865,-0.3191252809671916,0.8582246114890175,-0.09656040036634475,-0.6999424112968321,-0.2591397230503346,-1.0078811511526211,-0.890913272155606,-1
0.033731089473810996,-0.38184708714960375,-0.36530024887970564,1.4972053476157978,0.15095754096686206,0.34467570914882234,1.3793781938961076,-0.6340156129022205,1
-0.26213875248218815,-1.0090651489737252,0.19084741492425947,-0.2878122901242019,0.030628254788157852,-0.22059831248443132,0.270336450920714,0.39357502411132145,-1
-1.1497482783501858,0.3080927808569298,-3.9246452972250823,-1.3078223688327733,-0.6999424112968321,1.4238352049941259,-0.6100045936444997,-0.6340156129022205,1
-0.8538784363941865,-0.38184708714960375,-1.8112841747700148,-0.16031103028563046,0.3314514702349184,-1.1584393029214204,-0.1807991733404631,-0.6340156129022205,-1
1.5130802992538068,0.08856645921848731,-0.031611650597326575,0.7959484185036552,2.7552270918345316,0.4217585302806299,-0.5724099582894018,0.05104481177347413,-1
0.033731089473810996,0.7157845210426087,0.6357655459674315,0.7321977885843695,-0.6999424112968321,0.8200197727949681,0.2797351097594882,0.3079424710268596,1
1.2172104572978075,0.6844236179514027,-0.25407071611891263,-1.3078223688327733,-0.6999424112968321,0.35752284600412376,-1.0517415590669024,0.6504726833647069,1
0.033731089473810996,-0.6954561180616645,-0.1428411833581196,1.1147015681000836,-0.6999424112968321,0.08773297204279788,-1.001615378593438,-0.0345877413109877,-1
1.2172104572978075,0.08856645921848731,0.3020769476850525,0.22219274923008378,4.457026996361921,-0.438999639024552,0.696408984945159,1.592430767293787,1
1.808950141209806,-1.6676441138890528,1.9705199390969477,0.15844211931079807,-0.2787899096713673,0.4346056671359313,-0.5630112994506272,1.164268001871478,-1
-0.5580085944381874,-0.41320799024080984,-0.47652978164049864,-0.6703160696399161,1.689453414251723,-0.8758022921047934,1.304188923185911,-0.9765458252400678,-1
-1.1497482783501858,-0.6013734087880462,0.24646218130465597,0.15844211931079807,-0.6999424112968321,-4.126127916496003,0.3361270627921357,-1.0621783783245295,-1
0.033731089473810996,0.05720555612728124,-0.47652978164049864,-1.3078223688327733,-0.6999424112968321,-0.015044122799611549,-0.747851589946526,0.13667736485793594,1
0.033731089473810996,0.18264916849210552,0.9694541442498106,-0.6065654397206304,0.632274685681679,0.3061342985829191,0.41758210606151464,-0.4627505067332968,-1
-1.1497482783501858,-0.6327343118792523,-0.36530024887970564,-0.22406166020491616,-0.6999424112968321,-1.4282291768827462,-0.6663965466771469,-1.0621783783245295,-1
-1.1497482783501858,-0.8208997304264888,0.8026098451086211,0.28594337914936946,-0.3905242468373069,0.6787012673866544,-0.6820609780751045,-0.8052807190711442,1
0.9213406153418086,1.1861980674106998,-0.36530024887970564,-1.3078223688327733,-0.6999424112968321,-0.6060124181434681,-0.5348153229343036,0.564840130280245,-1
-0.5580085944381874,0.025844653036075166,-0.031611650597326575,0.41344463898794087,-0.6999424112968321,0.6016184462548468,-0.3907025540730941,-0.5483830598177587,-1
0.033731089473810996,-1.4167568891594042,-0.47652978164049864,-1.3078223688327733,-0.6999424112968321,0.24189861430641293,-0.2309253538139273,-0.7196481659866824,-1
-0.5580085944381874,-0.2877643778759856,0.4133064804458455,1.879709127131512,0.5033504504902101,0.9356440044926788,-0.907628790205693,-0.8052807190711442,-1
0.9213406153418086,1.7820552261436151,0.7469950787282246,-1.3078223688327733,-0.6999424112968321,0.999879688769185,-0.41889853058941773,0.6504726833647069,1
-0.5580085944381874,-1.0404260520649313,0.19084741492425947,-0.09656040036634475,-0.24441011362030893,-0.40045822845864826,-0.7384529311077516,-0.9765458252400678,-1
0.033731089473810996,-0.3504861840583977,-0.25407071611891263,-1.3078223688327733,-0.6999424112968321,-0.027891259654912955,0.019705548553393362,-0.377117953648835,-1
-0.8538784363941865,-0.44456889333201594,-0.1428411833581196,-0.09656040036634475,-0.6999424112968321,-0.7216366498411789,-0.9389576530016079,-0.8052807190711442,-1
-0.26213875248218815,1.719333419961203,0.8582246114890175,0.41344463898794087,0.6408696346944436,0.151968656319304,2.1594668775143933,1.592430767293787,1
-0.8538784363941865,-1.0090651489737252,0.3020769476850525,0.8596990484229409,-0.3819292978245423,-0.11782121764202144,-0.8543697234526373,-0.890913272155606,-1
0.6254707733858094,-0.7895388273352827,-3.9246452972250823,-1.3078223688327733,-0.6999424112968321,-1.0813564817896133,-0.8606354960118203,-0.4627505067332968,-1
-0.26213875248218815,0.24537097467451766,-0.36530024887970564,0.5409458988265123,0.28847672517109546,-0.7344837866964803,-0.7697817939036667,-0.4627505067332968,1
-0.8538784363941865,-1.0404260520649313,-2.256202305813187,1.3697040877772264,0.15095754096686206,2.93979735391967,0.09802770554318095,-0.6340156129022205,1
-0.5580085944381874,2.3779123848765304,-0.031611650597326575,1.5609559775350836,3.9671149026343384,-0.20775117562912992,-0.9608878569587485,1.678063320378249,1
-0.8538784363941865,0.6844236179514027,0.7469950787282246,0.15844211931079807,1.9644917826601898,1.3210581101517156,1.9151017477062549,-0.9765458252400678,-1
-0.26213875248218815,-0.2564034747847795,-1.4775955764876358,-0.479064179882059,-0.6999424112968321,-1.2483692609085293,-1.0172798099913958,-0.9765458252400678,-1
-0.8538784363941865,-0.2877643778759856,0.5245360132066386,1.5609559775350836,0.43459085838809347,0.34467570914882234,-0.7760475664628497,-0.8052807190711442,-1
-0.8538784363941865,-3.8001855240910656,0.19084741492425947,-0.03280977044705905,-0.5022585840032465,-0.5674710075775643,-0.5191508915363461,-1.0621783783245295,-1
-1.1497482783501858,-0.8836215366089009,-0.5877593144012917,-1.3078223688327733,-0.6999424112968321,0.4089113934253285,-0.6319347976016403,-0.7196481659866824,-1
-0.8538784363941865,-1.1031478582473435,-0.25407071611891263,2.0072103869700837,-0.1412707254671339,1.179739604743402,1.4169728292512058,-0.377117953648835,-1
0.3296009314298102,1.1548371643194937,-0.031611650597326575,-1.3078223688327733,-0.6999424112968321,-0.2976811336162384,-0.8073764292587648,2.534388851222867,-1
-0.8538784363941865,1.8447770323260273,-3.9246452972250823,-1.3078223688327733,-0.6999424112968321,1.4366823418494263,-0.5724099582894018,0.6504726833647069,1
0.033731089473810996,0.7471454241338148,0.6357655459674315,-0.16031103028563046,-0.6999424112968321,0.049191561476894574,-0.7196556134302026,3.1338167228141,1
0.033731089473810996,0.33945368394813585,0.8582246114890175,0.6684471586650838,-0.6999424112968321,-0.5289295970116605,-0.14320453798536517,2.534388851222867,-1
0.6254707733858094,0.24537097467451766,1.0806836770106036,-0.8615679593977732,2.102010966864423,-1.608089092856963,0.36745592558805085,2.2774911919694816,-1
-0.5580085944381874,-0.6327343118792523,-0.6989888471620846,0.9234496783422266,0.07360299985198078,-1.3254520820403364,-0.970286515797523,-0.9765458252400678,-1
1.808950141209806,1.4684461952315544,0.19084741492425947,-1.3078223688327733,-0.6999424112968321,0.7557840885184619,0.22647604300643287,0.05104481177347413,1
-0.8538784363941865,-0.16232076551116126,-0.031611650597326575,0.4771952689072266,-0.6999424112968321,-0.6060124181434681,-0.8167750880975394,-1.0621783783245295,-1
1.808950141209806,0.025844653036075166,-0.1428411833581196,-1.3078223688327733,-0.6999424112968321,-0.11782121764202144,-0.6475992289995978,0.6504726833647069,-1
-0.8538784363941865,-0.8836215366089009,-0.031611650597326575,0.6684471586650838,-0.6999424112968321,-0.22059831248443132,-0.4690247110628819,-0.890913272155606,-1
-1.1497482783501858,-0.6954561180616645,-3.9246452972250823,-1.3078223688327733,-0.6999424112968321,-0.9143437026706972,-0.6632636603975554,-0.9765458252400678,-1
-1.1497482783501858,-0.5072906995144281,-0.1428411833581196,0.09469148939151237,-0.6999424112968321,-1.5567005454357585,-0.7165227271506109,-0.9765458252400678,-1
-1.1497482783501858,-0.475929796423222,-0.031611650597326575,1.050950938180798,0.5721100425923268,0.9356440044926788,0.4395123100186552,-0.9765458252400678,-1
-1.1497482783501858,0.4335363932217541,-0.1428411833581196,1.3697040877772264,1.4487948418943146,1.3082109732964142,-0.31238039708330656,-0.8052807190711442,1
-0.26213875248218815,0.24537097467451766,1.1919132097713967,1.8159584972122265,0.632274685681679,0.5502298988336422,1.5767500295103725,-0.12022029439544953,1
-1.1497482783501858,0.9353108426810512,1.0806836770106036,1.6247066074543692,-0.6999424112968321,1.2825166995858124,-0.2935830794057575,-1.0621783783245295,1
-0.5580085944381874,-0.6640952149704584,-0.031611650597326575,2.0072103869700837,-0.21003031756925059,1.0769625099009925,0.665080122149244,-0.7196481659866824,-1
0.3296009314298102,-0.41320799024080984,0.07961788216346644,1.4334547176965122,-0.05532123533948802,0.5116884882677388,-0.6319347976016403,-0.0345877413109877,-1
2.9924295090338027,1.687972516869997,-0.47652978164049864,0.604696528745798,-0.6999424112968321,0.19051006688520822,-0.7917119978608073,0.39357502411132145,1
-0.5580085944381874,0.2767318777657237,1.4143722752929826,-1.3078223688327733,-0.6999424112968321,-1.2226749871979266,-0.6162703662036827,-1.0621783783245295,-1
0.9213406153418086,-1.855809532436289,0.4133064804458455,-1.3078223688327733,-0.6999424112968321,0.062038698332195975,-0.2309253538139273,0.6504726833647069,-1
0.9213406153418086,0.08856645921848731,-0.031611650597326575,0.7959484185036552,1.1479716264475541,-0.8501080183941911,-0.951489198119974,0.3079424710268596,-1
-1.1497482783501858,1.8761379354172334,0.9694541442498106,1.4972053476157978,3.6834815852131073,1.4366823418494263,-0.7603831350648921,-0.6340156129022205,1
0.9213406153418086,1.4684461952315544,0.9694541442498106,1.3697040877772264,2.0590362218006004,0.7814783622290647,1.0096976129043098,0.564840130280245,1
1.2172104572978075,-0.6640952149704584,0.19084741492425947,1.242202827938655,1.1479716264475541,0.9356440044926788,0.6149539416757794,0.8217377895336305,1
-1.1497482783501858,0.33945368394813585,0.4133064804458455,-1.3078223688327733,-0.6999424112968321,0.036344424621593166,-0.22465958125474444,-1.0621783783245295,-1
0.3296009314298102,-2.4203057880779983,-0.47652978164049864,-1.3078223688327733,-0.6999424112968321,-0.9143437026706972,0.3831203569860084,0.22230991794239777,-1
-0.5580085944381874,-0.6954561180616645,-0.5877593144012917,-0.22406166020491616,0.6752494307455019,0.575924172544245,-0.036686404479253996,-1.0621783783245295,-1
-1.1497482783501858,-0.7581779242440766,-0.36530024887970564,0.9872003082615123,0.15955248997962665,0.6016184462548468,0.42384787862069767,-0.7196481659866824,-1
0.033731089473810996,0.2140100715833116,-0.031611650597326575,-1.3078223688327733,-0.6999424112968321,0.28044002487231623,-0.50661934641798,-0.8052807190711442,-1
0.9213406153418086,0.37081458703934195,0.9694541442498106,-0.3515629200434876,0.632274685681679,0.036344424621593166,-0.6350676838812318,0.3079424710268596,-1
-0.26213875248218815,0.08856645921848731,0.5245360132066386,0.7959484185036552,0.41740096036256424,0.1391215194640035,-0.500353573858797,-0.6340156129022205,-1
-0.8538784363941865,0.7157845210426087,0.6357655459674315,1.6247066074543692,0.8471484110007936,1.7964021737978613,-0.4063669854710517,1.078635448787016,1
-0.26213875248218815,-1.0717869551561374,-0.5877593144012917,-0.16031103028563046,-0.6999424112968321,-1.3254520820403364,-0.06488238099557742,-1.0621783783245295,-1
-0.8538784363941865,-1.0717869551561374,-0.1428411833581196,0.8596990484229409,-0.038131337313958846,0.7043955410972572,-0.1995964910180122,-0.8052807190711442,-1
0.3296009314298102,1.0607544550458756,0.7469950787282246,1.4972053476157978,3.9843048006598676,0.8457140465055708,0.48337271793293635,0.05104481177347413,-1
0.3296009314298102,0.2767318777657237,0.6357655459674315,-1.3078223688327733,-0.6999424112968321,0.8971025939267756,1.5391553941552742,0.3079424710268596,1
0.3296009314298102,-0.5386516026056342,0.19084741492425947,-1.3078223688327733,-0.6999424112968321,-0.42615250216925066,-0.976552288356706,1.2499005549559397,-1
-0.8538784363941865,-3.8001855240910656,-1.2551365109660497,-0.03280977044705905,-0.6999424112968321,-0.952885113236601,-1.0172798099913958,-0.9765458252400678,-1
-0.5580085944381874,-1.2285914706121677,-1.0326774454444638,0.09469148939151237,0.28847672517109546,-0.4646939127351544,3.866889899891765,-0.7196481659866824,-1
2.6965596670778034,-0.475929796423222,-0.031611650597326575,-1.3078223688327733,-0.6999424112968321,0.26759288801701575,-0.6695294329567384,1.592430767293787,-1
-0.5580085944381874,0.5589800055865783,0.24646218130465597,-1.3078223688327733,-0.6999424112968321,-0.8372608815388897,-0.932691880442425,-0.377117953648835,-1
-0.8538784363941865,-1.5735614046154345,0.4133064804458455,1.879709127131512,-0.31316970572242564,0.1391215194640035,-0.13380587914659048,-1.0621783783245295,-1
-1.1497482783501858,-0.3191252809671916,-0.3096854824993091,-1.3078223688327733,-0.6999424112968321,-0.965732250091902,0.6118210553961883,-0.20585284747991137,-1
1.2172104572978075,-0.8208997304264888,0.07961788216346644,-1.3078223688327733,-0.6999424112968321,0.6016184462548468,0.06356595646767434,2.020593532716096,-1
-1.1497482783501858,-0.5386516026056342,-0.36530024887970564,0.15844211931079807,0.29707167418386005,-0.5546238707222628,-0.033553518199662485,-0.890913272155606,-1
-0.8538784363941865,2.3465514817853244,0.3020769476850525,0.9872003082615123,1.44019989288155,0.5630770356889435,1.2853916055083623,-0.377117953648835,1
1.808950141209806,-0.6327343118792523,0.8582246114890175,1.050950938180798,-0.6999424112968321,1.732166489521355,2.1030749244817453,0.39357502411132145,1
0.3296009314298102,-0.22504257169357342,0.19084741492425947,-1.3078223688327733,-0.6999424112968321,-0.9271908395259987,0.8749835028818751,2.020593532716096,-1
1.5130802992538068,-1.0090651489737252,-0.47652978164049864,-1.3078223688327733,-0.6999424112968321,-1.235522124053228,-1.0110140374322127,-0.0345877413109877,-1
-0.5580085944381874,0.6217018117689905,-0.6989888471620846,0.8596990484229409,0.4002110623370351,-0.8629551552494925,0.7340036203002572,-0.8052807190711442,-1
-0.5580085944381874,-0.44456889333201594,0.19084741492425947,0.604696528745798,0.15955248997962665,0.19051006688520822,-0.19019783217923783,-0.890913272155606,-1
-0.8538784363941865,-1.5108395984330223,-1.1439069782052567,-0.6703160696399161,-0.6999424112968321,-1.1712864397767218,-0.678928091795513,-1.0621783783245295,-1
0.6254707733858094,0.40217549013054804,-0.031611650597326575,0.15844211931079807,0.41740096036256424,0.4217585302806299,0.24214047440439043,-0.377117953648835,1
2.6965596670778034,0.7471454241338148,0.6357655459674315,-0.09656040036634475,0.24550198010727253,-1.2740635346191316,-0.6883267506342874,2.020593532716096,-1
0.033731089473810996,-1.1345087613385494,-0.6989888471620846,0.09469148939151237,-0.2787899096713673,-0.5546238707222628,-0.4972206875792055,-0.4627505067332968,-1
0.6254707733858094,2.283829675602912,0.4133064804458455,-1.3078223688327733,-0.6999424112968321,-1.1070507555002156,-1.0517415590669024,2.19185863888502,1
-0.26213875248218815,1.9074988385084395,0.19084741492425947,-1.3078223688327733,-0.6999424112968321,-0.20775117562912992,-0.37503812267513675,-0.377117953648835,1
1.2172104572978075,0.15128826540089946,0.19084741492425947,1.1147015681000836,-0.05532123533948802,-0.7987194709729865,-0.9483563118403825,0.4792075771957833,-1
-1.1497482783501858,0.24537097467451766,2.192979004618534,1.6247066074543692,0.41740096036256424,4.494300913411117,-0.45649316594451583,-0.6340156129022205,1
0.9213406153418086,1.9702206446908517,0.7469950787282246,0.7959484185036552,-0.6999424112968321,0.4346056671359313,-0.34370925987922163,0.6504726833647069,1
0.3296009314298102,0.49625819940416627,2.0817494718577407,-1.3078223688327733,-0.6999424112968321,2.1432748688909937,-0.7447187036669346,0.3079424710268596,1
-0.8538784363941865,0.2140100715833116,-1.2551365109660497,1.5609559775350836,0.9674776971794978,1.0769625099009925,0.4645754002553873,-0.8052807190711442,1
-0.8538784363941865,-1.322674179885786,-0.5877593144012917,1.3697040877772264,-0.2873848586841319,1.4623766155600293,0.6682130084288351,-0.890913272155606,-1
0.3296009314298102,-0.005516250055130907,0.07961788216346644,0.15844211931079807,0.2626918781328017,-0.7601780604070827,-0.6883267506342874,-0.29148540056437316,-1
0.3296009314298102,-0.19368166860236732,1.5256018080537757,-1.3078223688327733,-0.6999424112968321,2.670007479958344,-0.8011106566995818,-0.4627505067332968,1
0.6254707733858094,-0.5700125056968401,-0.25407071611891263,-1.3078223688327733,-0.6999424112968321,-1.0042736606578058,-0.6757952055159214,-0.377117953648835,-1
-1.1497482783501858,-0.06823805623754305,-0.36530024887970564,-0.16031103028563046,0.09079289787750996,0.35752284600412376,0.8154586635696361,-0.890913272155606,-1
-1.1497482783501858,-0.5072906995144281,0.7469950787282246,-1.3078223688327733,-0.6999424112968321,-0.5417767338669619,0.8655848440431003,2.4487562981384055,1
-0.26213875248218815,1.8447770323260273,-0.36530024887970564,0.28594337914936946,-0.09829598040331096,0.24189861430641293,-0.6068717073649081,-0.6340156129022205,-1
-1.1497482783501858,-0.44456889333201594,-0.47652978164049864,0.604696528745798,-0.0639161843522526,0.575924172544245,0.9157110245165644,-0.7196481659866824,1
1.2172104572978075,-0.44456889333201594,0.5245360132066386,-1.3078223688327733,-0.6999424112968321,-0.965732250091902,1.2258667661961236,0.05104481177347413,-1
1.808950141209806,-0.9777042458825191,0.8026098451086211,0.7321977885843695,-0.6999424112968321,0.35752284600412376,1.1287472915287868,1.9349609796316343,1
-0.5580085944381874,-0.06823805623754305,-3.9246452972250823,-1.3078223688327733,-0.6999424112968321,-1.608089092856963,1.1506774954859278,3.3050818289830235,-1
-0.8538784363941865,-1.2913132767945799,-0.8658331463032742,-1.3078223688327733,-0.6999424112968321,-1.6723247771334693,-0.6475992289995978,-1.0621783783245295,-1
0.033731089473810996,1.9702206446908517,0.4133064804458455,1.1784521980193694,1.6808584652389584,0.6273127199654497,-0.6288019113220488,-0.20585284747991137,1
-0.26213875248218815,0.2140100715833116,0.07961788216346644,0.28594337914936946,0.9330979011284395,0.036344424621593166,0.26407067836153064,-0.5483830598177587,1
-0.5580085944381874,-1.2599523737033738,0.07961788216346644,-0.3515629200434876,-0.04672628632672343,-0.2591397230503346,0.257804905802348,-0.7196481659866824,-1
-0.8538784363941865,-0.03687715314633698,0.5245360132066386,1.7522078672929406,1.0190473912560853,0.8714083202161728,2.1845299677511245,0.6504726833647069,-1
2.104819983165805,0.6844236179514027,1.3031427425321895,0.7959484185036552,0.5549201445667976,0.575924172544245,-0.6601307741179638,1.5067982142093252,1
-0.5580085944381874,-0.8522606335176949,0.3020769476850525,-0.16031103028563046,-0.13267577645436932,-0.06643267022081627,0.5773593063206817,-0.890913272155606,-1
0.033731089473810996,0.7785063272250209,1.1919132097713967,-1.3078223688327733,-0.6999424112968321,-0.11782121764202144,0.23274181556561588,2.3631237450539433,1
0.033731089473810996,-0.2877643778759856,0.4133064804458455,1.242202827938655,-0.6999424112968321,0.9356440044926788,-0.7165227271506109,0.39357502411132145,-1
-0.8538784363941865,0.6844236179514027,0.19084741492425947,0.09469148939151237,-0.17565052151819224,-0.7601780604070827,-0.6538650015587808,-1.0621783783245295,-1
-1.1497482783501858,-1.1658696644297555,-0.36530024887970564,0.09469148939151237,-0.13267577645436932,0.4731470777018346,0.25153913324316496,-1.0621783783245295,-1
0.6254707733858094,-0.06823805623754305,-1.1439069782052567,0.09469148939151237,0.8127686149497353,-0.6445538287093714,2.6732602273674004,-0.0345877413109877,1
0.6254707733858094,2.1583860632380882,1.1919132097713967,-1.3078223688327733,-0.6999424112968321,0.4346056671359313,-0.5849415034077676,2.7912865104762528,1
-0.26213875248218815,-0.6640952149704584,-0.1428411833581196,0.15844211931079807,-0.003751541262900498,-0.06643267022081627,1.517225190198134,-0.4627505067332968,-1
0.033731089473810996,2.127025160146882,2.192979004618534,0.6684471586650838,-0.6999424112968321,-0.4646939127351544,0.6744787809880185,0.3079424710268596,-1
0.033731089473810996,0.11992736230969338,0.5245360132066386,-1.3078223688327733,-0.6999424112968321,0.023497287766291758,0.22334315672684135,-0.5483830598177587,1
-0.8538784363941865,-0.914982439700107,-0.47652978164049864,0.28594337914936946,-0.347549501773484,-1.6209362297122645,0.05416729762889998,-0.7196481659866824,-1
0.9213406153418086,0.49625819940416627,1.0806836770106036,1.3059534578579408,-0.6999424112968321,-0.015044122799611549,-0.2309253538139273,0.4792075771957833,-1
-1.1497482783501858,0.40217549013054804,-0.6989888471620846,-0.03280977044705905,1.8011877514176626,-0.7344837866964803,-0.353107918717996,-1.0621783783245295,-1
-0.26213875248218815,-0.6013734087880462,-1.4775955764876358,-0.03280977044705905,0.10798279590303914,-0.16920976506322616,-0.20272937729760368,-0.6340156129022205,-1
0.3296009314298102,1.280280776684318,1.8592904063361548,-1.3078223688327733,-0.6999424112968321,0.7172426779525586,-0.9828180609158891,1.592430767293787,1
-0.8538784363941865,-0.5072906995144281,-0.6989888471620846,-1.3078223688327733,-0.6999424112968321,-1.0042736606578058,-0.8700341548505949,-1.0621783783245295,-1
2.104819983165805,-0.5700125056968401,-0.1428411833581196,1.242202827938655,-0.6999424112968321,1.8092493106531626,-1.0611402179056768,0.7361052364491687,-1
0.3296009314298102,-0.1309598624199552,0.8582246114890175,0.604696528745798,0.2025272350434496,0.8971025939267756,-0.6695294329567384,0.7361052364491687,-1
2.6965596670778034,-0.475929796423222,0.07961788216346644,2.1347116468086553,-0.6999424112968321,0.575924172544245,-0.8982301313669183,0.9930028957025542,-1
-0.26213875248218815,1.6252507106875849,0.4133064804458455,1.1784521980193694,0.8901231560646166,0.21620434059581012,1.5830158020695555,-0.20585284747991137,1
0.6254707733858094,1.280280776684318,-0.47652978164049864,-1.3078223688327733,-0.6999424112968321,-1.0042736606578058,-0.8982301313669183,1.4211656611248633,1
-1.1497482783501858,-0.6327343118792523,-0.47652978164049864,-1.3078223688327733,-0.6999424112968321,-1.3126049451850355,-0.4032340991914602,-0.7196481659866824,-1
0.3296009314298102,0.809867230316227,0.4133064804458455,-1.3078223688327733,-0.6999424112968321,0.20335720374050964,-0.7729146801832582,2.7056539573917906,-1
2.6965596670778034,0.9980326488634634,0.9694541442498106,1.050950938180798,0.5033504504902101,1.0898096467562939,2.2221246031062236,0.4792075771957833,-1
0.3296009314298102,0.6844236179514027,0.4133064804458455,-1.3078223688327733,-0.6999424112968321,1.6550836683895476,-0.8606354960118203,1.164268001871478,-1
-1.1497482783501858,-0.6327343118792523,-0.3096854824993091,0.4771952689072266,-0.6999424112968321,-0.965732250091902,-0.7133898408710195,-0.9765458252400678,-1
0.033731089473810996,-0.7895388273352827,-0.8102183799228777,-0.22406166020491616,-0.2787899096713673,-1.4539234505933485,-0.3907025540730941,-0.6340156129022205,-1
0.033731089473810996,0.49625819940416627,0.7469950787282246,-1.3078223688327733,-0.6999424112968321,-0.11782121764202144,-0.6663965466771469,-0.29148540056437316,-1
-0.8538784363941865,-1.0090651489737252,-2.589890904095566,-0.09656040036634475,-0.48506868597771735,-0.5546238707222628,0.29539954115744577,-1.0621783783245295,-1
0.6254707733858094,-0.6954561180616645,-0.5877593144012917,-0.09656040036634475,-0.23581516460754434,-0.6702481024199741,0.10116059182277264,-0.12022029439544953,-1
-1.1497482783501858,1.4370852921403483,-3.9246452972250823,-1.3078223688327733,-0.6999424112968321,0.023497287766291758,1.1726076994430683,-0.29148540056437316,1
1.5130802992538068,0.9666717457722573,0.4133064804458455,0.8596990484229409,0.7697938698859124,0.26759288801701575,1.3417835585410094,-0.0345877413109877,1
0.3296009314298102,1.4057243890491422,0.3020769476850525,-1.3078223688327733,-0.6999424112968321,1.7450136263766565,-0.3907025540730941,-0.5483830598177587,1
0.033731089473810996,1.6252507106875849,-0.031611650597326575,-0.4153135499627733,0.7440090228476186,-0.3105282704715398,-0.3249119422016726,-0.0345877413109877,1
-1.1497482783501858,-1.354035082976992,0.9694541442498106,0.5409458988265123,-0.35614445078624857,0.6144655831101482,-0.09621124379149251,-1.0621783783245295,-1
-0.8538784363941865,-1.322674179885786,0.5245360132066386,0.28594337914936946,-0.3819292978245423,-0.8629551552494925,0.370588811867642,-0.9765458252400678,-1
1.2172104572978075,1.4370852921403483,1.9705199390969477,1.6247066074543692,1.2854908106517875,0.7043955410972572,-0.9389576530016079,0.8217377895336305,1
-0.5580085944381874,0.6530627148601966,0.6357655459674315,-0.16031103028563046,-0.1498656744798985,-0.952885113236601,0.9282425696349301,-1.0621783783245295,-1
-0.26213875248218815,-0.6954561180616645,-0.47652978164049864,-0.09656040036634475,-0.0639161843522526,-1.3254520820403364,-0.5818086171281762,-0.6340156129022205,-1
-0.8538784363941865,0.5589800055865783,-1.3663660437268428,-0.09656040036634475,0.013438356762628676,-0.438999639024552,0.5930237377186393,-0.9765458252400678,-1
-0.26213875248218815,-0.9777042458825191,0.4133064804458455,-1.3078223688327733,-0.6999424112968321,1.35959952071762,0.29539954115744577,-1.0621783783245295,-1
0.3296009314298102,0.7157845210426087,0.6357655459674315,0.34969400906865516,1.7496180573410751,-0.015044122799611549,-0.039819290758845334,2.106226085800558,1
1.5130802992538068,1.3430025828667302,0.7469950787282246,0.030940859472226655,-0.6999424112968321,-0.16920976506322616,1.147544609206336,-0.12022029439544953,1
-0.8538784363941865,-0.19368166860236732,-0.031611650597326575,0.604696528745798,0.1251726939285683,0.31898143543822044,0.20141295276970078,-0.12022029439544953,1
0.6254707733858094,-0.3191252809671916,-0.36530024887970564,1.1784521980193694,-0.6999424112968321,0.26759288801701575,-0.6413334564404148,-0.8052807190711442,-1
0.3296009314298102,-0.6954561180616645,0.19084741492425947,0.41344463898794087,-0.6999424112968321,-0.40045822845864826,-0.8199079743771307,-0.12022029439544953,-1
-0.5580085944381874,0.24537097467451766,-3.9246452972250823,-1.3078223688327733,-0.6999424112968321,0.8200197727949681,-0.5034864601383885,0.6504726833647069,-1
-0.8538784363941865,-1.1658696644297555,-0.36530024887970564,0.15844211931079807,0.28847672517109546,0.6144655831101482,0.019705548553393362,-0.4627505067332968,-1
0.3296009314298102,-0.16232076551116126,0.19084741492425947,0.5409458988265123,-0.6999424112968321,0.023497287766291758,0.6118210553961883,0.13667736485793594,1
0.6254707733858094,1.3743634859579363,-0.1428411833581196,0.34969400906865516,0.7440090228476186,0.19051006688520822,0.5209673532880345,1.3355331080404016,-1
0.3296009314298102,-1.1345087613385494,0.19084741492425947,0.09469148939151237,-0.6999424112968321,-0.40045822845864826,2.3787689170857984,-0.12022029439544953,1
0.3296009314298102,2.06430335396447,0.3020769476850525,0.41344463898794087,1.0792120343454374,1.4752237524153307,1.783520523963412,1.678063320378249,1
1.5130802992538068,0.05720555612728124,-0.031611650597326575,1.4972053476157978,0.10798279590303914,0.1262743826087021,-0.28418442056698295,0.564840130280245,-1
2.400689825121804,0.5903409086777844,0.8026098451086211,0.7959484185036552,-0.6999424112968321,0.6787012673866544,-0.6914596369138789,0.6504726833647069,-1
-0.8538784363941865,1.3116416797755241,0.07961788216346644,-1.3078223688327733,-0.6999424112968321,0.8842554570714741,2.372503144526615,-0.0345877413109877,1
-1.1497482783501858,-0.6327343118792523,0.3020769476850525,-1.3078223688327733,-0.6999424112968321,0.46029994084653414,-0.8355724057750883,-0.6340156129022205,-1
1.2172104572978075,-0.03687715314633698,0.4133064804458455,-1.3078223688327733,-0.6999424112968321,-0.9143437026706972,-0.17453340078128027,2.620021404307329,-1
-0.5580085944381874,1.0607544550458756,0.19084741492425947,-0.22406166020491616,0.1251726939285683,-0.7087895129858774,-0.09934413007108403,-0.5483830598177587,1
-0.8538784363941865,-0.06823805623754305,0.9694541442498106,1.3059534578579408,0.7611989208731478,1.693625078955451,0.13248945461868755,-0.6340156129022205,-1
-0.8538784363941865,0.3080927808569298,-0.36530024887970564,-0.4153135499627733,2.8669614290004715,-1.0813564817896133,-0.2371911263731103,-1.0621783783245295,-1
