0.050513793096509184,0.08980186055000623,-0.3708989376773907,-1.3095195240998339,-0.7144740016655222,0.006085226489640131,-0.7190836509134384,0.14995102735636545,1
1.5274408864896836,-0.26058621926209147,0.6694480140536178,0.18788714208586896,-0.7144740016655222,-0.468765958982965,2.47930792724082,1.4065924850016127,1
-0.24487162558212575,0.1535087841522058,-0.5789683280235923,-1.3095195240998339,-0.7144740016655222,-0.04389910882326549,-0.946242143680076,-0.7715860415834825,-1
-0.5402570442607606,-0.26058621926209147,0.4613786237074161,1.8100776971203802,0.5884001616211043,0.9307954297783972,-0.873551425994752,-0.7715860415834825,-1
-0.5402570442607606,0.05794839874890644,-0.8910724135428949,1.3733340861495502,0.7559125540436705,0.5309207472751514,1.0678964921841114,-0.43648165287808327,-1
-0.8356424629393956,-1.1206296878917859,-0.16282954733118896,0.4998468642078904,-0.7144740016655222,-0.668703300234588,-0.3404861629690421,-0.18515336134903382,-1
0.641284630453779,0.7587245583731018,0.14927453818811356,0.3750629753590818,1.4073496356869837,0.2435108192259425,-0.6312490337103385,0.5688315132381145,-1
1.5274408864896836,-0.9932158406873867,-0.3708989376773907,-1.3095195240998339,-0.7144740016655222,-1.1810427371918726,-0.9735011628120726,-0.017601166996334183,-1
0.641284630453779,-0.5791208372730894,1.0855867947460212,1.1237663084519331,-0.7144740016655222,0.46844032813401915,0.6378097458792776,-0.43648165287808327,-1
0.050513793096509184,-0.1968792956598919,-0.2148468949177394,-1.3095195240998339,-0.7144740016655222,-1.2560192401612316,-0.09515499078107333,0.3175032217090651,-1
0.641284630453779,-0.48356045186979,0.04523984301501272,0.6870226974811032,-0.08164940806916075,-0.14386777944907717,-1.034076760883176,0.3175032217090651,-1
0.3458992117751441,-0.38800006646649066,0.14927453818811356,1.3733340861495502,-0.01650569990482943,0.5184246634469247,-0.6070187944818971,-0.017601166996334183,-1
1.2320554678110487,1.1091126381851997,-0.3708989376773907,0.3126710309346775,3.89211678995505,0.2560069030541691,0.2410395785135501,1.0714880962962134,1
1.5274408864896836,-0.26058621926209147,0.6694480140536178,0.6870226974811032,0.9141187024427609,0.28099907071062236,-0.6161051341925626,0.23372712453271524,1
-0.5402570442607606,-1.4710177677038836,-3.5959744880435167,-1.3095195240998339,-0.7144740016655222,-3.9926615985428238,-1.0946523589542794,-0.9391382359361821,-1
-1.1310278816180306,0.5357503257654034,-0.05879485215808813,-0.43603230215817385,0.6628501138089116,-0.8936328091426642,-0.9704723829085173,-1.0229143331125319,-1
0.641284630453779,-0.8976554552840873,1.189621489919122,-1.3095195240998339,-0.7144740016655222,-1.5059409167257605,-0.8341772872485348,-0.43648165287808327,-1
-0.8356424629393956,0.7268710965720021,0.2533092333612144,0.0631032532370604,-0.1467931162334921,-0.718687635547494,-0.6282202538067833,-1.0229143331125319,-1
0.9366700491324139,1.2365264853895988,-0.16282954733118896,-1.3095195240998339,-0.7144740016655222,-0.19385211476198325,-0.24356520605527693,0.23372712453271524,1
0.3458992117751441,0.31277609315770477,0.6694480140536178,-1.3095195240998339,-0.7144740016655222,0.8933071782937182,1.4919256786818351,0.3175032217090651,1
0.3458992117751441,-0.32429314286429106,-0.05879485215808813,-1.3095195240998339,-0.7144740016655222,-0.7436798032039469,-0.5191841772787973,-0.26892945852538364,-1
1.5274408864896836,1.0772591763840997,0.4613786237074161,0.5622388086322947,0.21615040068206817,-0.131371695620851,-0.9068680049338589,0.9877119991198635,-1
-0.8356424629393956,-0.2924396810631913,-0.3708989376773907,-0.4984242465825781,0.9792624106070923,-0.9936014797684758,-0.9856162824262933,-0.8553621387598324,-1
-0.8356424629393956,-0.9295089170851871,-0.7870377183697941,0.25027908651027325,0.21615040068206817,-0.8436484738297585,-0.694853411684997,-0.8553621387598324,-1
1.5274408864896836,0.31277609315770477,0.04523984301501272,-1.3095195240998339,-0.7144740016655222,0.28099907071062236,0.5711765880010639,0.9877119991198635,1
-0.24487162558212575,-1.2798969968972849,0.6694480140536178,0.6246307530566989,-0.06303692002220895,0.28099907071062236,2.5095957262763715,-0.5202577500544331,1
0.3458992117751441,-0.1650258338587921,1.5017255754384247,-1.3095195240998339,-0.7144740016655222,2.617766746588968,-0.7705729092738763,-0.43648165287808327,1
0.641284630453779,-1.0569227642895862,0.5654133188805169,-1.3095195240998339,-0.7144740016655222,-1.0935701503942876,-1.1491703972182723,-0.101377264172684,-1
-0.24487162558212575,1.6824749506049959,0.6694480140536178,1.6852938082715716,3.6129294692507727,0.8058345914961327,5.06891474478049,-0.6878099444071327,1
0.641284630453779,2.0010095686159937,1.2936561850922228,-1.3095195240998339,-0.7144740016655222,1.1057406033735673,3.021459529977195,0.9877119991198635,-1
0.3458992117751441,-0.26058621926209147,-0.16282954733118896,-1.3095195240998339,-0.7144740016655222,0.7308580885267738,-0.6130763542890074,0.6526076104144644,1
-1.1310278816180306,-0.03761198665439293,-0.2668642425042898,-0.18646452446055672,0.14170044849426092,0.368471657508207,0.7922775209605911,-0.8553621387598324,-1
2.4135971425255884,0.026094936947806652,0.4613786237074161,-0.24885646888496102,-0.7144740016655222,-0.6811993840628146,-0.6191339140961177,2.4119056511178103,-1
-0.24487162558212575,0.026094936947806652,-0.8910724135428949,-1.3095195240998339,-0.7144740016655222,0.5059285796186981,-1.0189328613654,-0.6878099444071327,1
0.641284630453779,2.3513976484280916,0.4613786237074161,-1.3095195240998339,-0.7144740016655222,-1.0560818989096081,-1.0128753015582899,2.160577359588761,1
-0.8356424629393956,0.7587245583731018,0.6694480140536178,1.1861582528763375,-0.7144740016655222,1.1682210225146996,0.4348814923410811,-0.43648165287808327,-1
-0.8356424629393956,1.9373026450137942,0.4613786237074161,1.3109421417251461,2.012255497212917,1.0057719327477561,2.4066172095554963,-0.9391382359361821,1
-0.5402570442607606,-0.6746812226763887,-0.4749336328504915,-0.24885646888496102,0.7745250420906223,0.580905082588057,-0.03155061280641505,-1.0229143331125319,-1
1.5274408864896836,0.08980186055000623,0.04523984301501272,1.4357260305739545,0.16031293654121273,0.14354214860013126,-0.2708242251872733,0.5688315132381145,-1
-0.8356424629393956,-0.35614660466539083,-0.5789683280235923,-0.18646452446055672,0.3650503050576826,-0.4312777074982856,-0.7402851102383247,-0.9391382359361821,-1
2.7089825612042233,-1.407310844101684,-0.4749336328504915,-1.3095195240998339,-0.7144740016655222,0.10605389711545138,-0.8584075264769762,0.6526076104144644,-1
0.3458992117751441,-0.5472673754719896,2.021899051303929,0.9989824196031246,-0.7144740016655222,0.9058032621219448,-0.47981003853258003,2.6632339426468596,-1
-1.1310278816180306,1.3002334089917984,-0.9951071087159957,-1.3095195240998339,-0.7144740016655222,-1.2560192401612316,-0.6342778136138936,2.6632339426468596,-1
-1.1310278816180306,-0.5154139136708898,-0.2668642425042898,0.1254951976614647,0.3650503050576826,-0.5187502942958707,-0.02852183290285988,-0.8553621387598324,-1
-1.1310278816180306,-0.48356045186979,-0.2668642425042898,1.2485501973007418,0.6070126496680561,1.193213190171153,-0.8796089858018622,-0.9391382359361821,-1
0.3458992117751441,-0.6746812226763887,0.2533092333612144,0.3750629753590818,-0.7144740016655222,-0.36879728835715336,-0.7887455886952073,-0.101377264172684,-1
-0.8356424629393956,0.7587245583731018,0.6694480140536178,1.5605099194227632,0.9606499225601405,1.7680330462695697,-0.38894664142592483,1.0714880962962134,1
-0.5402570442607606,0.280922631356605,0.2533092333612144,0.3126710309346775,1.1933060231470378,0.15603823242835788,0.38642101388419836,-0.6878099444071327,-1
-0.5402570442607606,-2.04438008012368,-0.6830030231966931,0.4374549197834861,-0.2956930206091065,-0.9686093121120231,-0.39803298113659036,-0.9391382359361821,-1
-0.24487162558212575,0.886138405577501,-0.16282954733118896,0.25027908651027325,-0.7144740016655222,0.06856564563077237,-0.6282202538067833,-0.9391382359361821,-1
-1.1310278816180306,2.1921303394225924,1.8138296609577271,0.25027908651027325,-0.7144740016655222,0.2934951545388481,-0.08606865107040798,0.6526076104144644,1
-0.8356424629393956,0.9179918673786008,-0.05879485215808813,0.4998468642078904,0.4674189893159176,-0.3313090368724739,-0.3465437227761526,0.7363837075908142,1
-1.1310278816180306,-0.35614660466539083,0.9815520995729203,0.5622388086322947,-0.7144740016655222,0.06856564563077237,1.186018908422763,0.4012793188854149,1
3.299753398561493,0.5038968639643036,0.04523984301501272,0.6870226974811032,0.3092128409168272,0.6433855017291893,-0.9401845838729657,0.820159804767164,1
-0.24487162558212575,0.280922631356605,-0.2668642425042898,0.4998468642078904,0.3557440610342067,-0.6936954678910412,-0.7402851102383247,-0.43648165287808327,1
-0.8356424629393956,0.1853622459533056,-0.6830030231966931,0.4998468642078904,0.7000750899028152,-0.4062855398418328,1.0224647936307838,-1.0229143331125319,-1
0.050513793096509184,1.0772591763840997,0.14927453818811356,0.4998468642078904,0.45811274529244167,-0.08138736030794493,-0.37986030171525953,0.3175032217090651,-1
-1.1310278816180306,0.8542849437764013,0.8255000568132691,2.0596454748179975,-0.7144740016655222,1.3556622799380964,-0.2677954452837181,-0.7715860415834825,-1
-1.1310278816180306,-0.7065346844774886,0.6694480140536178,-0.3736403577337696,0.0672504963064537,-0.8436484738297585,-0.497982717953911,-0.9391382359361821,-1
-0.5402570442607606,-0.642827760875289,-0.7870377183697941,0.4374549197834861,0.2626816207994477,0.7308580885267738,0.10474448285356769,-0.7715860415834825,-1
0.050513793096509184,-0.10131891025659251,-0.3708989376773907,-0.5608161910069824,-0.7144740016655222,-0.2813247015595683,-0.2526515457659423,-0.26892945852538364,1
-0.5402570442607606,-1.6621385385104823,-0.3708989376773907,-0.4984242465825781,-0.5748803413133836,-1.4809487490693072,-0.6251914739032282,-0.8553621387598324,-1
-0.8356424629393956,-0.7383881462785884,0.04523984301501272,1.1861582528763375,-0.7144740016655222,0.7683463400114537,-0.7433138901418798,-0.26892945852538364,-1
2.4135971425255884,-1.1524831496928856,0.14927453818811356,0.6246307530566989,-0.7144740016655222,-0.2813247015595683,-0.5040402777610213,1.0714880962962134,1
-1.1310278816180306,0.026094936947806652,-0.16282954733118896,0.5622388086322947,0.8210562622080019,0.2934951545388481,-0.7887455886952073,-0.017601166996334183,1
0.9366700491324139,2.0328630304170936,0.7734827092267187,0.7494146419055074,-0.7144740016655222,0.44344816047756586,-0.3283710433548216,0.6526076104144644,1
-1.1310278816180306,-0.5791208372730894,-0.8910724135428949,-1.3095195240998339,-0.7144740016655222,-0.8561445576579847,-1.1673430766396033,-1.0229143331125319,-1
-0.8356424629393956,1.6506214888038961,-0.05879485215808813,1.747685752695976,4.673841287927026,1.3056779446251907,0.7226155831788225,-0.43648165287808327,1
1.5274408864896836,0.6313107111687027,1.2936561850922228,-1.3095195240998339,-0.7144740016655222,0.09355781328722564,0.8195365400925879,0.9877119991198635,1
-0.8356424629393956,0.12165532235110603,0.2533092333612144,0.9365904751787203,-0.7144740016655222,-0.5187502942958707,-1.1007099187613898,-0.26892945852538364,-1
-0.8356424629393956,0.31277609315770477,-0.4749336328504915,0.1254951976614647,0.8675874823253814,-0.418781623670059,0.6923277841432708,-1.0229143331125319,-1
-0.24487162558212575,0.37648301675990437,0.5654133188805169,-1.3095195240998339,-0.7144740016655222,0.30599123836707476,-0.18601838788772848,0.9039359019435137,1
-0.5402570442607606,-0.8339485316818878,0.35734392853431524,-0.18646452446055672,-0.10026189611611257,-0.04389910882326549,0.5620902482903983,-0.8553621387598324,-1
-0.5402570442607606,-0.961362378886287,-0.4749336328504915,-1.3095195240998339,-0.7144740016655222,-1.0560818989096081,-0.8250909475378693,-0.6878099444071327,-1
-0.5402570442607606,-1.0250693024884865,-0.5789683280235923,0.3126710309346775,-0.5655740972899077,-0.44377379132651223,0.9164574970063528,-0.9391382359361821,-1
0.050513793096509184,-0.2924396810631913,0.14927453818811356,1.6229018638471675,1.2119185111939896,0.6433855017291893,2.8064161568247785,1.9092490680597114,1
-0.5402570442607606,-0.8976554552840873,-0.3708989376773907,0.4374549197834861,-0.7144740016655222,-0.04389910882326549,-1.0098465216547345,-0.7715860415834825,-1
0.050513793096509184,0.280922631356605,-0.4749336328504915,-0.5608161910069824,1.4352683677574114,-0.5562385457805501,0.19257910005666767,-0.18515336134903382,-1
-1.1310278816180306,-2.01252661832258,-0.4749336328504915,-1.3095195240998339,-0.7144740016655222,-1.2810114078176842,0.8225653199961428,2.8307861369995595,-1
-0.8356424629393956,-0.7702416080796881,-0.2668642425042898,0.3750629753590818,0.09516922837688141,0.15603823242835788,-0.5282705169894628,-1.0229143331125319,-1
-0.8356424629393956,-0.8020950698807879,0.6694480140536178,0.25027908651027325,0.9606499225601405,0.38096774133643363,-0.6978821915885521,0.820159804767164,1
-0.24487162558212575,-0.6746812226763887,-0.7870377183697941,-0.12407258003615244,0.0858629843534055,-0.7936641385168525,-0.9371558039694105,-0.7715860415834825,-1
-1.1310278816180306,1.4276472561961975,1.0855867947460212,0.7494146419055074,5.613771934298093,2.542790243619609,-0.11029889029884919,-0.8553621387598324,-1
-0.24487162558212575,0.31277609315770477,0.4613786237074161,0.1254951976614647,0.020719276189074185,-0.44377379132651223,-0.4252920002685871,0.06617493018001563,1
0.050513793096509184,-0.1650258338587921,0.14927453818811356,-1.3095195240998339,-0.7144740016655222,-0.38129337218538,-0.26476666538016297,1.0714880962962134,1
-0.5402570442607606,-0.38800006646649066,-0.3708989376773907,0.6870226974811032,-0.1933243363508716,-0.8436484738297585,-1.015904081461845,-1.0229143331125319,-1
-1.1310278816180306,1.8735957214115946,-0.9951071087159957,0.9365904751787203,0.7652187980671464,0.7308580885267738,-0.02549305299930454,-0.9391382359361821,1
-0.5402570442607606,0.05794839874890644,-0.4749336328504915,-0.18646452446055672,0.2719878648229236,-0.26882861773134165,0.7680472817321501,-0.9391382359361821,-1
-1.1310278816180306,-1.1524831496928856,-0.2668642425042898,0.0631032532370604,-0.10026189611611257,0.48093641196224485,0.24709713832066077,-1.0229143331125319,-1
-0.24487162558212575,0.9498453291797007,0.35734392853431524,-1.3095195240998339,-0.7144740016655222,-1.3684839946152694,-0.7766304690809867,0.3175032217090651,-1
-1.1310278816180306,-0.03761198665439293,-3.5959744880435167,-1.3095195240998339,-0.7144740016655222,0.05606956180254575,-0.9765299427156278,-0.7715860415834825,1
-1.1310278816180306,-0.4198535282675904,-0.3708989376773907,0.5622388086322947,-0.025811943928305332,0.580905082588057,0.8891984778743566,-0.6878099444071327,1
-0.8356424629393956,-0.26058621926209147,0.14927453818811356,0.5622388086322947,0.9234249464662369,0.30599123836707476,0.19560787996022286,-0.6878099444071327,-1
1.2320554678110487,1.0772591763840997,0.4613786237074161,0.6870226974811032,-0.7144740016655222,0.05606956180254575,-0.06183841184196677,0.9877119991198635,1
0.641284630453779,-0.7065346844774886,-0.5789683280235923,0.7494146419055074,1.0537123627948994,0.2560069030541691,-0.10121255058818385,0.820159804767164,-1
0.050513793096509184,0.8224314819753015,1.189621489919122,-1.3095195240998339,-0.7144740016655222,-0.09388344413617156,0.22892445889932975,2.3281295539414604,1
0.050513793096509184,0.5038968639643036,0.04523984301501272,-1.3095195240998339,-0.7144740016655222,-0.09388344413617156,2.1764299368853033,-0.9391382359361821,1
1.2320554678110487,-0.6746812226763887,0.7734827092267187,-1.3095195240998339,-0.7144740016655222,0.43095207664933927,-0.22842130653750106,1.4065924850016127,-1
0.9366700491324139,2.3513976484280916,-0.05879485215808813,0.4374549197834861,-0.7144740016655222,0.4934324957904715,0.8528531190316945,0.6526076104144644,1
-0.24487162558212575,-0.1650258338587921,-0.16282954733118896,1.1237663084519331,0.5884001616211043,0.7683463400114537,-0.9492709235836312,-0.43648165287808327,-1
2.1182117238469536,-1.1206296878917859,0.2533092333612144,-1.3095195240998339,-0.7144740016655222,-0.23134036624666224,-0.49495393805035587,0.14995102735636545,-1
-0.5402570442607606,-1.2161900732950852,-0.8910724135428949,0.0631032532370604,0.3557440610342067,-0.4312777074982856,3.7423091470233265,-0.6878099444071327,-1
-0.5402570442607606,0.6631641729698025,-0.5789683280235923,0.8118065863299118,0.4767252333393935,-0.8186563061733058,0.7135292434681569,-0.7715860415834825,-1
-1.1310278816180306,0.1853622459533056,0.7734827092267187,0.4998468642078904,1.286368463381797,-0.1563638632773038,0.17137764073178147,-0.7715860415834825,-1
1.8228263051683187,0.280922631356605,-0.3708989376773907,0.9365904751787203,-0.7144740016655222,1.1557249386864739,-0.06789597164907694,0.4012793188854149,1
-0.24487162558212575,1.3320868707928981,-0.8910724135428949,1.0613743640275288,-0.7144740016655222,0.6558815855574158,0.5711765880010639,-0.7715860415834825,1
0.9366700491324139,1.2365264853895988,-0.2668642425042898,-1.3095195240998339,-0.7144740016655222,-0.5687346296087767,-0.5131266174716869,0.5688315132381145,-1
-0.5402570442607606,-0.03761198665439293,-3.5959744880435167,-1.3095195240998339,-0.7144740016655222,-1.5434291682104395,1.1163569706409944,3.2496666228813087,-1
-1.1310278816180306,-1.693992000311582,0.35734392853431524,-1.3095195240998339,-0.7144740016655222,1.6680643756437576,-0.816004607827204,1.0714880962962134,-1
0.3458992117751441,0.37648301675990437,0.5654133188805169,-1.3095195240998339,-0.7144740016655222,-0.6437111325781352,-0.840234847055645,2.998338331352259,-1
-0.8356424629393956,-0.1331723720576923,0.4613786237074161,0.4998468642078904,0.9606499225601405,0.5184246634469247,0.09868692304645735,-0.6878099444071327,-1
0.050513793096509184,-0.6746812226763887,0.35734392853431524,-0.3736403577337696,-0.2398555564682511,-1.0935701503942876,-0.7281699906241038,-1.0229143331125319,-1
-1.1310278816180306,0.9816987909808004,1.0855867947460212,1.5605099194227632,-0.7144740016655222,1.2681896931405117,-0.2799105648979388,-1.0229143331125319,1
1.2320554678110487,-0.26058621926209147,0.14927453818811356,-1.3095195240998339,-0.7144740016655222,-1.0435858150813815,1.1405872098694356,2.076801262412411,-1
0.9366700491324139,0.280922631356605,-0.05879485215808813,1.747685752695976,0.44880650126896576,0.8183306753243593,-0.0739535314561873,0.820159804767164,1
-0.5402570442607606,-0.6109742990741892,-0.5789683280235923,-0.24885646888496102,1.751680664555592,-0.9686093121120231,0.4560829516659673,-0.8553621387598324,-1
0.9366700491324139,0.12165532235110603,0.04523984301501272,0.7494146419055074,1.286368463381797,-0.8061602223450791,-0.9159543446445243,0.3175032217090651,-1
-0.5402570442607606,-0.7702416080796881,-0.05879485215808813,-0.4984242465825781,-0.25846804451520294,-1.3559879107870427,0.556032688483288,-0.6040338472307829,-1
1.2320554678110487,0.1853622459533056,0.9815520995729203,0.9365904751787203,0.2906003528698754,0.8183306753243593,-0.3465437227761526,1.3228163878252628,-1
0.641284630453779,0.44018994036210396,0.04523984301501272,0.1254951976614647,0.49533772138634524,0.43095207664933927,0.23801079860999527,-0.35270555570173345,1
0.050513793096509184,0.1535087841522058,0.5654133188805169,-1.3095195240998339,-0.7144740016655222,0.043573477974319125,0.21983811918866422,-0.5202577500544331,1
-0.8356424629393956,-1.1524831496928856,-0.2668642425042898,0.1254951976614647,0.3557440610342067,0.618393334072736,0.02296742545757821,-0.43648165287808327,-1
-0.8356424629393956,-0.4198535282675904,-0.9951071087159957,-0.12407258003615244,-0.7144740016655222,-0.45626987515473844,-0.8553787465734208,-0.35270555570173345,-1
0.3458992117751441,0.5994572493676029,-0.2668642425042898,0.8741985307543161,0.5884001616211043,-0.418781623670059,-0.15875936875573193,-0.6040338472307829,-1
1.2320554678110487,-0.35614660466539083,0.35734392853431524,1.1237663084519331,0.3464378170107308,-0.5062542104676445,0.5348312291584018,-0.18515336134903382,1
-0.5402570442607606,-0.961362378886287,-0.05879485215808813,1.3109421417251461,-0.7144740016655222,0.7808424238396804,0.11988838237134355,-0.5202577500544331,1
-1.1310278816180306,-0.1968792956598919,0.5654133188805169,0.8118065863299118,1.9378055450251102,1.5306074535332674,-0.8977816652231935,-0.5202577500544331,-1
-0.24487162558212575,0.05794839874890644,0.4613786237074161,-1.3095195240998339,-0.7144740016655222,-1.1185623180507402,-0.6342778136138936,0.5688315132381145,-1
-0.8356424629393956,-1.3117504586983846,0.5654133188805169,0.25027908651027325,-0.37014297279691377,-0.8186563061733058,0.362190774655757,-0.9391382359361821,-1
-0.5402570442607606,-0.26058621926209147,0.8775174043998195,1.3109421417251461,0.7745250420906223,0.8058345914961327,-0.6585080528423349,-0.43648165287808327,-1
-0.24487162558212575,-1.248043535096185,0.8775174043998195,-0.3112484133093653,-0.10026189611611257,-0.5562385457805501,-0.4767812586290248,-0.9391382359361821,-1
2.1182117238469536,1.1091126381851997,0.35734392853431524,0.4374549197834861,0.6814626018558634,0.16853431625658363,2.694351300393238,1.4903685821779624,1
-0.8356424629393956,0.6313107111687027,0.2533092333612144,0.3126710309346775,0.9606499225601405,-0.9811053959402493,1.1042418510267735,-0.8553621387598324,-1
2.1182117238469536,-0.5472673754719896,-0.05879485215808813,1.1861582528763375,-0.7144740016655222,1.7805291300977963,-1.0219616412689554,0.7363837075908142,-1
-0.24487162558212575,-0.2924396810631913,-0.3708989376773907,-1.3095195240998339,-0.7144740016655222,-1.168546653363646,-0.9735011628120726,-1.0229143331125319,-1
0.050513793096509184,0.886138405577501,-0.4749336328504915,0.3750629753590818,2.244911597799815,-0.131371695620851,-0.9492709235836312,-0.35270555570173345,1
-0.8356424629393956,-0.6746812226763887,0.14927453818811356,0.5622388086322947,-0.5469616092429559,0.830826759152586,-0.15573058885217678,-1.0229143331125319,-1
0.3458992117751441,-1.1206296878917859,0.2533092333612144,0.0631032532370604,-0.7144740016655222,-0.36879728835715336,2.3036386928346206,-0.101377264172684,1
-1.1310278816180306,0.3446295549588046,-3.5959744880435167,-1.3095195240998339,-0.7144740016655222,1.4056466152510028,-0.5858173351570108,-0.6040338472307829,1
-0.8356424629393956,-0.03761198665439293,0.8775174043998195,1.1237663084519331,1.3328996834991764,1.7055526271284374,1.04366625295567,-0.35270555570173345,1
-0.5402570442607606,-0.961362378886287,0.04523984301501272,-0.24885646888496102,-0.7144740016655222,-0.5812307134370029,-1.1461416173147172,-0.9391382359361821,-1
-1.1310278816180306,1.9373026450137942,0.9815520995729203,1.4357260305739545,4.031710450307188,1.4181426990792285,-0.731198770527659,-0.6040338472307829,1
-0.5402570442607606,1.1091126381851997,-0.8910724135428949,0.3750629753590818,4.310897771011466,0.8433228429808126,-0.676680732263666,-0.6878099444071327,1
-1.1310278816180306,-0.6109742990741892,-0.2668642425042898,-0.24885646888496102,-0.7144740016655222,-1.3684839946152694,-0.640335373421004,-1.0229143331125319,-1
1.8228263051683187,0.05794839874890644,0.4613786237074161,0.6246307530566989,-0.7144740016655222,-0.5437424619523235,0.1471474015033401,0.9877119991198635,-1
1.8228263051683187,-0.8976554552840873,-0.3708989376773907,-1.3095195240998339,-0.7144740016655222,-0.7561758870321734,-0.8977816652231935,-0.18515336134903382,-1
-0.24487162558212575,-0.6746812226763887,0.5654133188805169,-0.6232081354313866,-0.11887438416306437,-1.5809174196951188,-0.5434144165072387,-0.26892945852538364,-1
0.641284630453779,1.4276472561961975,-0.05879485215808813,0.3126710309346775,0.8489749942784296,0.2060225677412635,0.5075722100264053,1.3228163878252628,-1
0.9366700491324139,-1.1843366114939855,0.4613786237074161,0.3126710309346775,-0.053730675998733046,-0.3313090368724739,0.9194862769099083,0.23372712453271524,-1
0.3458992117751441,-2.4266216217368775,-0.3708989376773907,-1.3095195240998339,-0.7144740016655222,-0.8686406414862113,0.374305894269978,0.23372712453271524,-1
0.641284630453779,0.886138405577501,0.14927453818811356,0.8741985307543161,-0.7144740016655222,0.2060225677412635,0.49545709041218455,1.4065924850016127,1
2.4135971425255884,-0.45170699006869025,0.5654133188805169,-1.3095195240998339,-0.7144740016655222,-1.0435858150813815,-0.9886450623298484,0.9039359019435137,-1
0.641284630453779,-0.7702416080796881,-3.5959744880435167,-1.3095195240998339,-0.7144740016655222,-1.0310897312531553,-0.8281197274414245,-0.43648165287808327,-1
0.3458992117751441,-0.1331723720576923,0.2533092333612144,-1.3095195240998339,-0.7144740016655222,-0.7936641385168525,-0.7948031485023176,-0.26892945852538364,-1
-1.1310278816180306,-0.8658019934829875,-0.4749336328504915,-1.3095195240998339,-0.7144740016655222,0.4184559928211126,-0.6070187944818971,-0.6878099444071327,-1
-1.1310278816180306,-0.6109742990741892,-0.2148468949177394,0.4374549197834861,-0.7144740016655222,-0.9186249767991169,-0.6857670719743315,-0.9391382359361821,-1
-0.24487162558212575,-1.1843366114939855,-0.5789683280235923,0.6246307530566989,-0.5469616092429559,0.2934951545388481,-0.3859178615223697,-0.6878099444071327,-1
1.8228263051683187,-0.961362378886287,0.8255000568132691,0.6870226974811032,-0.7144740016655222,0.368471657508207,1.095155511316108,1.9092490680597114,1
-0.5402570442607606,-1.1843366114939855,-0.16282954733118896,0.1254951976614647,-0.249161800491727,0.031077394146093385,0.10171570295001268,-0.9391382359361821,-1
-0.8356424629393956,2.5106649574335904,0.35734392853431524,1.3733340861495502,-0.7144740016655222,1.368158363766323,2.818531276439,-0.9391382359361821,1
0.050513793096509184,-0.35614660466539083,-0.2668642425042898,1.4357260305739545,0.20684415665859227,0.35597557367998034,1.3374579036005216,-0.6040338472307829,1
1.8228263051683187,-0.8339485316818878,0.14927453818811356,-0.18646452446055672,-0.7144740016655222,-1.1060662342225136,0.39853613349841904,1.9092490680597114,-1
-0.8356424629393956,-3.8281739409852684,-1.0991418038890965,-0.061680635611748164,-0.7144740016655222,-0.9061288929708908,-0.9795587226191829,-0.9391382359361821,-1
0.050513793096509184,0.05794839874890644,-0.05879485215808813,-1.3095195240998339,-0.7144740016655222,0.38096774133643363,-0.21024862711617004,-0.35270555570173345,-1
0.9366700491324139,0.6950176347709023,-0.4749336328504915,0.7494146419055074,1.0537123627948994,-0.39378945601360615,0.6771838846254948,2.3281295539414604,-1
-0.5402570442607606,-0.26058621926209147,0.3053265809477648,0.6870226974811032,-0.7144740016655222,0.46844032813401915,-0.9553284833907415,-1.0229143331125319,-1
-0.8356424629393956,0.5994572493676029,-1.2031764990621974,-0.12407258003615244,0.057944252282977796,-0.4062855398418328,0.5772341478081742,-0.9391382359361821,-1
-0.5402570442607606,-1.1524831496928856,-0.9951071087159957,0.1254951976614647,-0.007199455881353526,-0.19385211476198325,1.5282710375244972,-1.0229143331125319,-1
-0.24487162558212575,1.3639403325939978,0.04523984301501272,-0.18646452446055672,0.2626816207994477,-0.04389910882326549,-0.5918748949641212,-0.43648165287808327,1
0.050513793096509184,0.2172157077544054,0.9815520995729203,-0.6232081354313866,0.7279938219732428,0.31848732219530135,0.40762247320908457,-0.43648165287808327,-1
-0.8356424629393956,-0.03761198665439293,0.9815520995729203,1.2485501973007418,0.8675874823253814,1.6680643756437576,0.13200350198556424,-0.6040338472307829,-1
-0.8356424629393956,-0.7702416080796881,2.7501419175156347,-1.3095195240998339,-0.7144740016655222,-1.1935388210200992,-0.7766304690809867,-0.5202577500544331,-1
0.9366700491324139,2.128423415820393,-0.05879485215808813,1.1237663084519331,2.1146241814711524,0.7183620046985482,-0.6342778136138936,0.6526076104144644,1
-0.8356424629393956,-0.9932158406873867,-0.16282954733118896,0.1254951976614647,0.16031293654121273,-0.4812620428111912,-0.8977816652231935,-1.0229143331125319,-1
1.2320554678110487,0.7268710965720021,-0.16282954733118896,-1.3095195240998339,-0.7144740016655222,0.368471657508207,-1.0128753015582899,0.6526076104144644,1
0.9366700491324139,0.1535087841522058,0.8775174043998195,-1.3095195240998339,-0.7144740016655222,0.7058659208703215,-0.4828388184361352,1.4903685821779624,-1
2.4135971425255884,-0.642827760875289,0.7734827092267187,0.7494146419055074,0.2626816207994477,-0.24383645007488886,0.07445668381801597,1.0714880962962134,-1
-0.8356424629393956,-1.248043535096185,0.14927453818811356,-0.18646452446055672,-0.34222424072648605,-0.668703300234588,-0.5464431964107936,-0.7715860415834825,-1
-0.8356424629393956,-0.642827760875289,-0.16282954733118896,-0.3736403577337696,-0.1933243363508716,-1.0435858150813815,0.6135795066508359,-0.6040338472307829,-1
2.7089825612042233,-0.45170699006869025,0.14927453818811356,2.0596454748179975,-0.7144740016655222,0.580905082588057,-0.8644650862840864,0.9877119991198635,-1
0.050513793096509184,-0.7383881462785884,-0.4749336328504915,0.1254951976614647,-0.7144740016655222,-0.468765958982965,-0.06183841184196677,-0.9391382359361821,-1
-0.24487162558212575,-0.2924396810631913,-0.6830030231966931,1.1237663084519331,-0.7144740016655222,-0.23134036624666224,0.2834424971633228,-0.26892945852538364,-1
-0.24487162558212575,1.6824749506049959,0.7734827092267187,0.7494146419055074,3.696685665462056,0.46844032813401915,-0.6221626939996729,-0.9391382359361821,1
-0.8356424629393956,0.12165532235110603,-0.4749336328504915,0.6870226974811032,-0.7144740016655222,0.48093641196224485,0.15320496131045044,-1.0229143331125319,-1
0.9366700491324139,-0.1968792956598919,-0.16282954733118896,-1.3095195240998339,-0.7144740016655222,0.10605389711545138,-0.6221626939996729,0.7363837075908142,1
2.7089825612042233,0.1853622459533056,1.0855867947460212,-1.3095195240998339,-0.7144740016655222,1.4306387829074552,0.362190774655757,0.7363837075908142,1
-1.1310278816180306,0.3446295549588046,0.9815520995729203,-1.3095195240998339,-0.7144740016655222,-0.04389910882326549,0.8467955592245842,-0.101377264172684,1
0.050513793096509184,0.7905780201742016,0.6694480140536178,-0.18646452446055672,-0.7144740016655222,0.06856564563077237,-0.6918246317814419,3.082114428528609,1
1.8228263051683187,-0.6109742990741892,0.35734392853431524,1.6852938082715716,0.9606499225601405,0.118549980943678,-0.8856665456089725,2.4956817482941602,-1
-1.1310278816180306,-0.10131891025659251,-3.5959744880435167,-1.3095195240998339,-0.7144740016655222,0.23101473539771586,1.4192349609965114,0.9039359019435137,-1
-0.8356424629393956,-1.0569227642895862,-0.05879485215808813,0.8118065863299118,0.0021067881421223773,0.7058659208703215,-0.18904716779128367,-0.7715860415834825,-1
1.2320554678110487,-0.8020950698807879,0.14927453818811356,-1.3095195240998339,-0.7144740016655222,0.6058972502445094,0.06537034410735046,1.9930251652360613,-1
-0.8356424629393956,-0.2924396810631913,1.2936561850922228,-1.3095195240998339,-0.7144740016655222,0.10605389711545138,-0.6009612346747867,0.9877119991198635,-1
0.3458992117751441,-0.7702416080796881,0.2533092333612144,-0.18646452446055672,-0.09095565209263666,0.2060225677412635,1.6161056547275972,0.820159804767164,-1
1.2320554678110487,2.160276877621493,0.4613786237074161,-1.3095195240998339,-0.7144740016655222,1.9929625551776455,-0.9886450623298484,0.820159804767164,1
0.641284630453779,-0.10131891025659251,1.3976908802653236,-1.3095195240998339,-0.7144740016655222,-0.4062855398418328,-0.9280694642587449,-0.26892945852538364,-1
1.2320554678110487,-0.48356045186979,1.6057602706115255,0.9365904751787203,-0.7144740016655222,1.4181426990792285,-0.6797095121672212,0.9877119991198635,1
1.8228263051683187,0.5994572493676029,0.5654133188805169,-1.3095195240998339,-0.7144740016655222,-0.6062228810934557,2.960883931906092,1.9930251652360613,-1
2.1182117238469536,0.2172157077544054,1.917864356130828,-1.3095195240998339,-0.7144740016655222,0.8808110944654916,-0.8281197274414245,1.4903685821779624,-1
-0.24487162558212575,-1.0569227642895862,-0.4749336328504915,-0.18646452446055672,-0.7144740016655222,-1.2685153239894575,-0.05880963193841143,-1.0229143331125319,-1
0.641284630453779,0.280922631356605,1.0855867947460212,-0.8727759131290038,2.3193615499876223,-1.5434291682104395,0.3591619947522021,2.244353456765111,-1
-1.1310278816180306,-0.5154139136708898,-0.2668642425042898,0.9989824196031246,-0.11887438416306437,0.2060225677412635,0.14108984169622976,-0.9391382359361821,1
-0.8356424629393956,0.5676037875665031,0.6694480140536178,-1.3095195240998339,-0.7144740016655222,1.0182680165759828,-0.6887958518778866,-0.43648165287808327,-1
0.050513793096509184,-0.5472673754719896,-0.4749336328504915,0.7494146419055074,1.0723248508418513,-0.9936014797684758,1.5222134777173868,-0.017601166996334183,-1
1.2320554678110487,-0.0057585248532931385,0.4613786237074161,-1.3095195240998339,-0.7144740016655222,-0.8686406414862113,-0.16481692856284244,2.57945784547051,-1
-0.24487162558212575,-0.1331723720576923,0.2533092333612144,-0.3736403577337696,0.2626816207994477,-0.7061915517192674,-1.0795084594365036,-0.7715860415834825,-1
-0.8356424629393956,-1.5028712295049833,-0.9951071087159957,-0.685600079855791,-0.7144740016655222,-1.1185623180507402,-0.6524504930352246,-1.0229143331125319,-1
-1.1310278816180306,1.4913541797983971,-3.5959744880435167,-1.3095195240998339,-0.7144740016655222,0.043573477974319125,1.1375584299658807,-0.26892945852538364,1
0.9366700491324139,-0.48356045186979,-3.5959744880435167,-1.3095195240998339,-0.7144740016655222,-3.9926615985428238,-0.47981003853258003,-0.7715860415834825,-1
0.050513793096509184,-0.8976554552840873,0.5654133188805169,-1.3095195240998339,-0.7144740016655222,1.2806857769687383,-0.6857670719743315,-0.35270555570173345,-1
1.8228263051683187,-0.2924396810631913,0.04523984301501272,0.3750629753590818,-0.7144740016655222,-0.5562385457805501,-0.9765299427156278,0.5688315132381145,1
-1.1310278816180306,-0.8020950698807879,0.5654133188805169,1.4981179749983589,0.14170044849426092,0.5684089987598303,-0.4040905409437007,-0.6040338472307829,-1
-0.5402570442607606,-1.1524831496928856,-3.5959744880435167,-1.3095195240998339,-0.7144740016655222,-3.9926615985428238,-0.4828388184361352,-1.0229143331125319,-1
-0.8356424629393956,-0.1331723720576923,0.04523984301501272,0.4374549197834861,-0.7144740016655222,-0.5687346296087767,-0.7857168087916522,-1.0229143331125319,-1
0.050513793096509184,2.0328630304170936,0.4613786237074161,1.1237663084519331,1.863355592837303,0.6308894179009626,-0.6039900145783419,-0.18515336134903382,1
-0.8356424629393956,0.1535087841522058,-0.9951071087159957,1.1861582528763375,0.8396687502549537,0.16853431625658363,1.5100983581031666,-0.43648165287808327,1
-0.5402570442607606,-0.642827760875289,-0.16282954733118896,-0.061680635611748164,0.12308796044730912,0.118549980943678,1.2223642672654251,-0.43648165287808327,1
-0.5402570442607606,-0.4198535282675904,0.2533092333612144,0.5622388086322947,0.21615040068206817,0.2060225677412635,-0.1799608280806183,-0.8553621387598324,-1
1.2320554678110487,1.7780353360082952,1.0855867947460212,0.8118065863299118,2.0773992053772488,0.21851865156949013,0.010852305843357524,2.076801262412411,1
3.890524235918763,1.3639403325939978,0.14927453818811356,1.2485501973007418,0.3464378170107308,1.118236687201794,1.070925272087667,1.1552641934725632,1
-1.1310278816180306,-0.2287327574609917,0.35734392853431524,-1.3095195240998339,-0.7144740016655222,0.16853431625658363,-0.5615870959285695,-0.8553621387598324,1
-0.5402570442607606,-1.248043535096185,0.14927453818811356,-0.3736403577337696,-0.007199455881353526,-0.23134036624666224,0.25315469812777114,-0.6878099444071327,-1
-0.5402570442607606,-0.48356045186979,0.5654133188805169,1.4981179749983589,1.0630186068183753,0.21851865156949013,0.7498746023108187,-0.35270555570173345,1
0.641284630453779,0.44018994036210396,0.5654133188805169,0.9989824196031246,2.728836287020562,1.7805291300977963,-0.6827382920707763,1.0714880962962134,1
0.641284630453779,2.2239838012236923,1.189621489919122,-1.3095195240998339,-0.7144740016655222,0.44344816047756586,-0.5615870959285695,2.7470100398232096,1
-0.8356424629393956,-1.566578153107183,0.4613786237074161,1.8100776971203802,-0.2956930206091065,0.15603823242835788,-0.12544278981662504,-1.0229143331125319,-1
-0.5402570442607606,-0.642827760875289,0.04523984301501272,1.934861585969189,-0.1840180923273957,1.0682523518888885,0.6468960855899432,-0.6878099444071327,-1
1.8228263051683187,0.05794839874890644,-0.05879485215808813,-1.3095195240998339,-0.7144740016655222,-0.09388344413617156,-0.6221626939996729,0.6526076104144644,-1
-1.1310278816180306,-0.6109742990741892,0.35734392853431524,-1.3095195240998339,-0.7144740016655222,0.46844032813401915,-0.8038894882129831,-0.6040338472307829,-1
1.5274408864896836,-0.0057585248532931385,0.14927453818811356,0.0631032532370604,-0.1933243363508716,-1.3934761622717222,0.8165077601890325,1.239040290648913,-1
-1.1310278816180306,-0.8020950698807879,-0.2668642425042898,1.1237663084519331,0.2626816207994477,1.580591788846173,-0.2950544644157147,-0.9391382359361821,-1
-0.8356424629393956,0.2490691695555052,0.9815520995729203,1.1237663084519331,0.3092128409168272,0.5684089987598303,1.7978324489409072,0.3175032217090651,1
0.9366700491324139,0.40833647856100413,0.7734827092267187,-1.3095195240998339,-0.7144740016655222,1.0307641004042094,0.7044429037574911,0.3175032217090651,-1
-1.1310278816180306,-0.642827760875289,0.9815520995729203,2.433997141364423,0.3092128409168272,1.8555056330671542,1.5100983581031666,-0.18515336134903382,-1
-0.24487162558212575,1.7780353360082952,0.8775174043998195,0.3750629753590818,0.7373000659967187,0.16853431625658363,2.091624099585759,1.5741446793543123,1
-0.8356424629393956,-0.8658019934829875,0.04523984301501272,0.6246307530566989,-0.7144740016655222,-0.19385211476198325,-0.4495222394970283,-0.8553621387598324,-1
-0.8356424629393956,0.1853622459533056,-0.4749336328504915,-1.3095195240998339,-0.7144740016655222,-0.23134036624666224,-0.3465437227761526,1.1552641934725632,1
-1.1310278816180306,-0.8339485316818878,0.04523984301501272,0.3750629753590818,0.3557440610342067,1.4431348667356818,-0.3526012825832628,-1.0229143331125319,-1
0.9366700491324139,0.40833647856100413,0.9815520995729203,-0.3736403577337696,0.7279938219732428,0.05606956180254575,-0.6100475743854522,0.3175032217090651,-1
0.9366700491324139,-0.03761198665439293,-3.5959744880435167,-1.3095195240998339,-0.7144740016655222,-0.8436484738297585,-0.7705729092738763,0.3175032217090651,-1
1.2320554678110487,-1.4710177677038836,0.04523984301501272,1.1861582528763375,-0.25846804451520294,0.4184559928211126,0.7317019228894877,0.48505541606176467,-1
0.3458992117751441,-1.0887762260906861,-0.05879485215808813,0.4374549197834861,-0.053730675998733046,-0.21884428241843604,-0.301112024222825,-0.7715860415834825,-1
-0.8356424629393956,-0.2924396810631913,0.8775174043998195,-0.12407258003615244,-0.7144740016655222,-0.23134036624666224,-0.9704723829085173,-0.8553621387598324,-1
0.3458992117751441,-0.1968792956598919,0.2533092333612144,-1.3095195240998339,-0.7144740016655222,-0.881136725314438,0.8498243391281397,1.9930251652360613,-1
-0.5402570442607606,-0.6746812226763887,-3.5959744880435167,-1.3095195240998339,-0.7144740016655222,-1.218530988676552,-1.0764796795329483,-0.8553621387598324,-1
0.050513793096509184,-1.1524831496928856,1.0855867947460212,0.1254951976614647,-0.1933243363508716,0.9432915136066239,-0.9220119044516346,-0.6878099444071327,-1
-0.24487162558212575,-0.5791208372730894,-1.3072111942352982,-0.061680635611748164,0.16031293654121273,-0.14386777944907717,-0.19207594769483882,-0.6040338472307829,-1
1.2320554678110487,0.12165532235110603,0.35734392853431524,0.18788714208586896,4.86927241242002,-0.4062855398418328,0.6771838846254948,1.5741446793543123,1
-0.8356424629393956,-0.7383881462785884,0.04523984301501272,-0.3736403577337696,-0.7144740016655222,-1.71837434180561,-0.9583572632942967,-1.0229143331125319,-1
-0.8356424629393956,-0.642827760875289,0.14927453818811356,-0.5608161910069824,-0.06303692002220895,-0.8311523900015318,0.5893492674223946,-0.43648165287808327,-1
0.3458992117751441,1.4595007179972972,0.14927453818811356,-0.12407258003615244,0.9141187024427609,-0.7686719708603996,0.374305894269978,1.4903685821779624,1
0.641284630453779,-0.1650258338587921,-0.4749336328504915,1.1237663084519331,-0.7144740016655222,0.21851865156949013,-0.6615368327458901,0.5688315132381145,1
-1.1310278816180306,-0.8658019934829875,1.6057602706115255,1.1237663084519331,-0.04442443197525714,1.4306387829074552,1.688796372412921,0.14995102735636545,-1
-0.8356424629393956,1.9373026450137942,-0.2668642425042898,0.5622388086322947,0.9606499225601405,0.26850298688239577,-0.4101481007508112,0.4012793188854149,1
0.9366700491324139,-0.5472673754719896,-0.16282954733118896,0.6870226974811032,-0.7144740016655222,0.8933071782937182,-0.3616876222939285,-0.18515336134903382,1
-0.5402570442607606,-0.0057585248532931385,0.35734392853431524,0.9989824196031246,0.2626816207994477,0.9682836812630771,-0.7524002298525453,-0.35270555570173345,-1
-0.24487162558212575,-0.7702416080796881,0.4613786237074161,1.1237663084519331,-0.7144740016655222,0.6683776693856416,-0.6827382920707763,0.5688315132381145,-1
-1.1310278816180306,0.08980186055000623,0.9815520995729203,0.9989824196031246,-0.7144740016655222,0.40595990899288686,-0.8069182681165384,-0.35270555570173345,-1
-0.8356424629393956,-1.248043535096185,0.2533092333612144,1.2485501973007418,-0.1840180923273957,1.793025213926022,1.9159548651795586,-0.101377264172684,-1
-0.8356424629393956,-0.642827760875289,-0.16282954733118896,0.4998468642078904,1.1095498269357549,0.006085226489640131,-0.05880963193841143,0.7363837075908142,-1
-1.1310278816180306,-0.10131891025659251,0.5654133188805169,0.6246307530566989,-0.22124306842129932,1.655568291815532,-1.1340264977004966,-0.7715860415834825,-1
-0.24487162558212575,1.6824749506049959,0.4613786237074161,1.1237663084519331,1.00718114267752,0.23101473539771586,1.5343285973316076,-0.18515336134903382,1
-1.1310278816180306,-0.48356045186979,0.7734827092267187,-1.3095195240998339,-0.7144740016655222,-0.5062542104676445,0.8407379994174738,2.4119056511178103,1
-0.24487162558212575,1.7143284124060956,-0.5789683280235923,0.0631032532370604,1.090937338888803,0.118549980943678,0.3924785736913087,0.23372712453271524,1
0.641284630453779,0.9816987909808004,-0.3708989376773907,0.6246307530566989,0.40227528115158623,0.44344816047756586,0.6923277841432708,-0.43648165287808327,-1
1.5274408864896836,-0.9295089170851871,-0.05879485215808813,-1.3095195240998339,-0.7144740016655222,-0.9686093121120231,-0.7978319284058727,2.076801262412411,-1
0.050513793096509184,0.3446295549588046,-0.05879485215808813,0.0007113088126561168,0.8303625062314778,0.14354214860013126,-0.9189831245480794,-0.43648165287808327,-1
-0.8356424629393956,-0.9295089170851871,-0.2668642425042898,0.18788714208586896,-0.7144740016655222,-0.3438051207007006,-0.8220621676343142,-1.0229143331125319,-1
-0.8356424629393956,-0.10131891025659251,-0.4749336328504915,0.1254951976614647,0.2719878648229236,0.23101473539771586,0.007823525939802352,-0.5202577500544331,-1
-0.8356424629393956,0.8542849437764013,1.2936561850922228,1.2485501973007418,-0.7144740016655222,2.1679077287728155,-0.31928470364415606,-0.5202577500544331,1
0.9366700491324139,0.9498453291797007,0.4613786237074161,0.4998468642078904,0.45811274529244167,0.40595990899288686,0.6923277841432708,1.741696873707012,1
-0.8356424629393956,-0.5472673754719896,0.5654133188805169,-0.6232081354313866,0.048638008259501896,-1.5684213358668928,0.08354302352868148,-0.9391382359361821,-1
-0.8356424629393956,1.9054491832126943,-3.5959744880435167,-1.3095195240998339,-0.7144740016655222,1.4181426990792285,-0.549471976314349,0.6526076104144644,1
-0.24487162558212575,-0.7702416080796881,-0.6830030231966931,0.8118065863299118,0.3557440610342067,-0.9061288929708908,1.4555803198391735,0.48505541606176467,-1
-0.5402570442607606,-0.7065346844774886,-0.4749336328504915,-0.24885646888496102,0.40227528115158623,0.34347948985175464,-0.8038894882129831,-0.9391382359361821,-1
0.050513793096509184,0.280922631356605,0.8775174043998195,-0.061680635611748164,1.7982118846729716,0.3934638251646602,-0.7039397513956624,-0.8553621387598324,-1
-1.1310278816180306,2.160276877621493,0.6694480140536178,-0.43603230215817385,1.00718114267752,0.006085226489640131,0.662039985107719,-0.9391382359361821,1
0.9366700491324139,2.415104572030291,1.0855867947460212,-1.3095195240998339,-0.7144740016655222,0.9807797650913028,-0.037608172613525226,0.6526076104144644,1
1.2320554678110487,0.9816987909808004,0.4613786237074161,0.6870226974811032,1.2398372432644174,1.368158363766323,0.15926252111756078,0.23372712453271524,1
-0.24487162558212575,1.969156106814894,0.2533092333612144,-1.3095195240998339,-0.7144740016655222,-0.1813560309337566,-0.3586588423903733,-0.35270555570173345,1
0.3458992117751441,-0.8020950698807879,0.14927453818811356,0.7494146419055074,-0.7144740016655222,0.7183620046985482,-0.282939344801494,-0.5202577500544331,-1
-1.1310278816180306,0.5676037875665031,-3.5959744880435167,-1.3095195240998339,-0.7144740016655222,0.5434168311033771,1.4222637409000662,-0.6878099444071327,1
1.5274408864896836,1.0135522527819003,0.4613786237074161,0.8118065863299118,0.8768937263488573,0.28099907071062236,1.3011125447578595,-0.017601166996334183,1
2.4135971425255884,-1.0250693024884865,0.2533092333612144,1.1861582528763375,-0.2119368243978234,0.4184559928211126,-0.25870910557305277,1.239040290648913,-1
-0.8356424629393956,1.3639403325939978,0.14927453818811356,-1.3095195240998339,-0.7144740016655222,0.8808110944654916,2.2975811330275104,-0.017601166996334183,1
-0.8356424629393956,-1.566578153107183,-1.0991418038890965,-0.18646452446055672,-0.007199455881353526,-1.4434604975846281,-0.4252920002685871,-0.9391382359361821,-1
0.641284630453779,0.8542849437764013,0.5654133188805169,-1.3095195240998339,-0.7144740016655222,-0.3063168692160211,-0.8644650862840864,1.4065924850016127,1
0.9366700491324139,-0.642827760875289,-3.5959744880435167,-1.3095195240998339,-0.7144740016655222,-0.24383645007488886,0.06234156420379528,-0.101377264172684,1
-0.8356424629393956,2.3195441866269917,-0.9951071087159957,-0.3112484133093653,2.7753675071379416,-0.7561758870321734,0.5802629277117294,-0.7715860415834825,-1
-1.1310278816180306,0.12165532235110603,0.04523984301501272,-0.061680635611748164,-0.7144740016655222,-0.5687346296087767,-0.6342778136138936,0.23372712453271524,1
-1.1310278816180306,0.6313107111687027,-0.2148468949177394,0.3126710309346775,0.49533772138634524,1.330670112281644,-0.09818377068462866,-0.7715860415834825,1
2.7089825612042233,1.204673023588499,2.3340031368232315,-1.3095195240998339,-0.7144740016655222,1.293181860796964,-0.6251914739032282,0.9039359019435137,1
0.641284630453779,0.1535087841522058,0.35734392853431524,-1.3095195240998339,-0.7144740016655222,0.23101473539771586,-1.0371055407867311,1.741696873707012,1
-0.8356424629393956,1.5232076415994968,0.9815520995729203,0.4998468642078904,-0.7144740016655222,0.38096774133643363,1.3374579036005216,1.5741446793543123,1
-0.5402570442607606,-0.1968792956598919,-0.05879485215808813,0.0631032532370604,-0.7144740016655222,-0.4062855398418328,-1.124940157989831,-0.6878099444071327,-1
-0.24487162558212575,0.6631641729698025,-3.5959744880435167,-1.3095195240998339,-0.7144740016655222,-0.24383645007488886,0.901313597488577,-0.5202577500544331,1
-0.8356424629393956,-0.961362378886287,-0.05879485215808813,-0.8103839687045995,-0.7144740016655222,-0.9311210606273436,2.0431636211288757,0.23372712453271524,-1
-0.24487162558212575,-0.5472673754719896,0.14927453818811356,0.5622388086322947,0.7000750899028152,-0.5437424619523235,0.807421420478367,-0.5202577500544331,-1
0.9366700491324139,-1.853259309317081,0.4613786237074161,-1.3095195240998339,-0.7144740016655222,0.081061729458999,-0.21933496682683537,0.6526076104144644,-1
-0.5402570442607606,0.1535087841522058,-0.4749336328504915,-0.061680635611748164,0.5884001616211043,0.23101473539771586,-1.1370552776040517,-0.18515336134903382,-1
1.8228263051683187,-1.4391643059027839,0.6694480140536178,-1.3095195240998339,-0.7144740016655222,0.16853431625658363,-0.6070187944818971,0.4012793188854149,-1
1.5274408864896836,1.1409660999862994,0.8775174043998195,-1.3095195240998339,-0.7144740016655222,-0.8936328091426642,-0.7069685312992177,1.657920776530662,1
0.641284630453779,-0.48356045186979,0.5654133188805169,0.4374549197834861,-0.7144740016655222,0.06856564563077237,1.2556808462045321,-0.6040338472307829,-1
-0.24487162558212575,-0.26058621926209147,0.2533092333612144,0.5622388086322947,-0.7144740016655222,-0.04389910882326549,-0.8069182681165384,-0.6878099444071327,1
-1.1310278816180306,2.4788114956324905,-0.16282954733118896,0.6870226974811032,1.8354368607668752,1.1682210225146996,0.11685960246778838,-0.43648165287808327,1
-0.8356424629393956,0.47204340216320373,-0.7870377183697941,-1.3095195240998339,-0.7144740016655222,-0.6562072164063618,0.6771838846254948,2.4119056511178103,-1
-0.5402570442607606,-1.0250693024884865,0.2533092333612144,-0.12407258003615244,-0.22124306842129932,-0.36879728835715336,-0.7099973112027729,-0.9391382359361821,-1
-1.1310278816180306,0.2172157077544054,0.5654133188805169,0.9989824196031246,1.2398372432644174,0.5434168311033771,1.0315511333414498,-0.8553621387598324,-1
-0.8356424629393956,-1.0569227642895862,-0.4749336328504915,0.9989824196031246,-0.01650569990482943,0.6558815855574158,0.13806106179267458,-0.9391382359361821,-1
0.050513793096509184,0.6631641729698025,0.2533092333612144,-1.3095195240998339,-0.7144740016655222,-0.5437424619523235,-0.6645656126494454,0.5688315132381145,-1
-1.1310278816180306,0.37648301675990437,0.4613786237074161,-1.3095195240998339,-0.7144740016655222,0.05606956180254575,-0.2132774070197252,-1.0229143331125319,-1
-0.8356424629393956,-1.3117504586983846,0.3053265809477648,0.5622388086322947,-0.7144740016655222,0.006085226489640131,-0.20419106730905953,-0.9391382359361821,-1
-0.8356424629393956,0.9816987909808004,-0.4749336328504915,-1.3095195240998339,-0.7144740016655222,-0.7311837193757202,-0.8614363063805314,-0.9391382359361821,-1
-1.1310278816180306,1.6824749506049959,0.4613786237074161,0.6870226974811032,1.751680664555592,1.8180173815824754,2.1067679991035346,2.076801262412411,-1
-0.5402570442607606,1.172819561787399,0.2533092333612144,0.8741985307543161,3.3802733686638753,0.9307954297783972,-0.9977314020405139,-0.26892945852538364,-1
0.9366700491324139,0.5038968639643036,1.0855867947460212,-1.3095195240998339,-0.7144740016655222,-0.2563325339031155,-0.7675441293703212,1.4065924850016127,-1
-0.24487162558212575,-0.2924396810631913,1.0855867947460212,-0.5608161910069824,0.011413032165598282,-0.44377379132651223,0.09565814314290218,-0.35270555570173345,-1
-1.1310278816180306,-0.06946544845549273,-0.2668642425042898,0.1254951976614647,0.11378171642383322,-3.9926615985428238,3.839230103937091,-1.0229143331125319,-1
0.050513793096509184,1.1409660999862994,0.3053265809477648,-1.3095195240998339,-0.7144740016655222,2.0429468904905512,-0.6827382920707763,-0.101377264172684,1
-0.5402570442607606,-1.4391643059027839,-0.2668642425042898,0.18788714208586896,-0.2026305803743475,-0.2813247015595683,-0.282939344801494,-0.017601166996334183,-1
-0.8356424629393956,-0.642827760875289,0.2533092333612144,-0.5608161910069824,-0.2863867765856306,-1.5559252520386662,-0.9522997034871864,-0.43648165287808327,-1
-0.24487162558212575,-0.45170699006869025,0.14927453818811356,-1.3095195240998339,-0.7144740016655222,-0.7686719708603996,-0.7766304690809867,-0.5202577500544331,-1
1.5274408864896836,-0.03761198665439293,0.5654133188805169,0.8741985307543161,-0.7144740016655222,-0.36879728835715336,-0.6070187944818971,-0.35270555570173345,1
-1.1310278816180306,1.9054491832126943,1.0855867947460212,0.3126710309346775,0.12308796044730912,0.5684089987598303,-0.45255101940058345,0.14995102735636545,1
0.050513793096509184,0.44018994036210396,0.14927453818811356,-1.3095195240998339,-0.7144740016655222,-1.0185936474249286,-0.5646158758321248,2.244353456765111,1
1.5274408864896836,1.1409660999862994,0.8775174043998195,0.4374549197834861,0.7279938219732428,0.2934951545388481,2.19763139621019,0.7363837075908142,1
-0.8356424629393956,-1.2798969968972849,0.2533092333612144,-0.6232081354313866,-0.156099360256968,-0.24383645007488886,0.19257910005666767,-0.9391382359361821,-1
2.1182117238469536,-0.2924396810631913,0.7734827092267187,1.1861582528763375,-0.7144740016655222,1.8555056330671542,1.3980335016716252,0.9877119991198635,1
-1.1310278816180306,-1.3436039204994845,0.9815520995729203,0.4998468642078904,-0.34222424072648605,0.618393334072736,-0.08909743097396315,-1.0229143331125319,-1
0.050513793096509184,0.7587245583731018,0.6694480140536178,0.6870226974811032,-0.7144740016655222,0.8183306753243593,0.274356157452657,0.3175032217090651,1
0.641284630453779,-0.8976554552840873,-0.3708989376773907,0.6870226974811032,0.45811274529244167,0.006085226489640131,-1.1461416173147172,1.0714880962962134,-1
2.4135971425255884,0.9816987909808004,0.04523984301501272,1.1861582528763375,1.8075181286964475,1.2307014416558317,0.843766779321029,0.4012793188854149,1
-0.5402570442607606,0.5994572493676029,0.3053265809477648,-1.3095195240998339,-0.7144740016655222,-0.7936641385168525,-0.8977816652231935,-0.35270555570173345,-1
0.050513793096509184,-0.8020950698807879,-0.4749336328504915,0.6870226974811032,-0.7144740016655222,0.43095207664933927,-0.5434144165072387,-0.43648165287808327,-1
0.9366700491324139,-1.248043535096185,0.4613786237074161,1.1861582528763375,-0.26777428853867885,1.8430095492389287,-0.6130763542890074,0.7363837075908142,-1
0.3458992117751441,-0.2924396810631913,0.14927453818811356,0.4374549197834861,-0.7144740016655222,-1.0060975635967024,-0.17087448836995264,-0.5202577500544331,-1
0.3458992117751441,0.026094936947806652,0.14927453818811356,0.1254951976614647,0.32782532896377903,-0.718687635547494,-0.6615368327458901,-0.26892945852538364,-1
0.641284630453779,1.3320868707928981,-0.3708989376773907,-1.3095195240998339,-0.7144740016655222,-0.9561132282837964,-0.8644650862840864,1.4065924850016127,1
0.641284630453779,-0.4198535282675904,0.9815520995729203,-1.3095195240998339,-0.7144740016655222,0.6058972502445094,0.7983350807677014,-0.18515336134903382,-1
-0.8356424629393956,1.045405714583,0.6694480140536178,1.3109421417251461,3.799054349720291,1.0807484357171149,0.6771838846254948,-0.8553621387598324,-1
0.050513793096509184,-0.7702416080796881,-0.6830030231966931,-0.24885646888496102,-0.25846804451520294,-1.3934761622717222,-0.373802741908149,-0.6040338472307829,-1
1.8228263051683187,1.5232076415994968,0.2533092333612144,-1.3095195240998339,-0.7144740016655222,0.7558502561832271,0.2228668990922194,0.06617493018001563,1
0.641284630453779,-0.8658019934829875,-0.9951071087159957,0.5622388086322947,-0.11887438416306437,-0.4062855398418328,-0.3253422634512662,-0.8553621387598324,-1
-0.24487162558212575,1.204673023588499,0.35734392853431524,0.9365904751787203,1.565555784086074,-0.04389910882326549,1.1739037888085424,-0.43648165287808327,1
2.4135971425255884,0.6313107111687027,0.6694480140536178,1.3733340861495502,2.310055305964146,0.9058032621219448,0.19560787996022286,2.076801262412411,1
0.3458992117751441,-0.10131891025659251,0.8775174043998195,0.5622388086322947,0.2626816207994477,0.8933071782937182,-0.6433641533245591,0.7363837075908142,-1
-0.8356424629393956,0.05794839874890644,1.0855867947460212,1.8724696415447846,1.3328996834991764,2.217892064085722,-0.41923444046147657,-0.18515336134903382,1
-0.5402570442607606,0.280922631356605,0.7734827092267187,-1.3095195240998339,-0.7144740016655222,-0.49375812663941787,-0.5434144165072387,-0.5202577500544331,-1
-0.24487162558212575,-0.45170699006869025,-0.7870377183697941,0.0007113088126561168,0.7559125540436705,-0.131371695620851,-0.5191841772787973,-0.7715860415834825,-1
-0.8356424629393956,0.31277609315770477,0.04523984301501272,-0.4984242465825781,0.2626816207994477,-0.7561758870321734,0.025996205361133385,-0.9391382359361821,-1
-1.1310278816180306,0.8224314819753015,0.04523984301501272,-1.3095195240998339,-0.7144740016655222,0.7433541723550005,-0.3919754213294802,-0.43648165287808327,1
-0.8356424629393956,-1.0250693024884865,-0.3708989376773907,0.18788714208586896,-0.3049992646325824,-0.2563325339031155,-0.12544278981662504,-0.8553621387598324,-1
-1.1310278816180306,0.280922631356605,2.12593374647703,1.5605099194227632,0.49533772138634524,4.392210650197123,-0.4374071198828076,-0.6040338472307829,1
0.9366700491324139,-0.5791208372730894,0.2533092333612144,1.1861582528763375,0.2626816207994477,0.6558815855574158,-0.7857168087916522,0.9877119991198635,-1
-0.8356424629393956,-0.5472673754719896,-2.0354540604470044,1.0613743640275288,0.057944252282977796,1.4181426990792285,-0.8493211867663106,-0.017601166996334183,-1
0.641284630453779,-0.1968792956598919,0.9815520995729203,-1.3095195240998339,-0.7144740016655222,-0.5187502942958707,-0.6554792729387798,2.7470100398232096,-1
-1.1310278816180306,-0.4198535282675904,0.35734392853431524,-1.3095195240998339,-0.7144740016655222,1.6680643756437576,0.6741551047219394,-0.7715860415834825,-1
-0.24487162558212575,0.08980186055000623,1.6057602706115255,0.8741985307543161,1.5190245639686946,3.1675944350309315,1.2617384060116423,-0.9391382359361821,-1
1.5274408864896836,0.12165532235110603,0.04523984301501272,0.7494146419055074,3.026636095771791,0.43095207664933927,-0.549471976314349,0.06617493018001563,-1
-1.1310278816180306,-0.9295089170851871,-0.05879485215808813,0.6870226974811032,1.2398372432644174,0.9932758489195295,-0.2496227658623871,-0.6878099444071327,-1
-0.8356424629393956,0.2490691695555052,0.6694480140536178,-0.24885646888496102,0.9885686546305682,-0.5562385457805501,-1.0552782202080622,-0.9391382359361821,-1
-0.8356424629393956,-1.0250693024884865,0.4613786237074161,0.4998468642078904,-0.007199455881353526,0.006085226489640131,-0.29808324431926986,-0.35270555570173345,-1
-0.8356424629393956,-0.10131891025659251,0.9815520995729203,0.18788714208586896,0.6349313817384838,0.31848732219530135,-0.1829896079841735,0.5688315132381145,1
0.3458992117751441,-0.1650258338587921,0.35734392853431524,-1.3095195240998339,-0.7144740016655222,-0.09388344413617156,-0.36471640219748364,0.9039359019435137,1
0.050513793096509184,-0.10131891025659251,-0.2668642425042898,0.3750629753590818,0.40227528115158623,0.15603823242835788,-0.7069685312992177,-0.7715860415834825,-1
-0.8356424629393956,-1.2798969968972849,-0.7350203707832437,-1.3095195240998339,-0.7144740016655222,-1.6059095873515716,-0.6221626939996729,-1.0229143331125319,-1
-0.24487162558212575,-1.3436039204994845,-0.9951071087159957,0.6870226974811032,0.10447547240035732,-0.11887561179262436,-0.6524504930352246,-0.6040338472307829,1
0.9366700491324139,1.3002334089917984,0.8775174043998195,-1.3095195240998339,-0.7144740016655222,-0.19385211476198325,-0.9038392250303036,1.1552641934725632,1
0.050513793096509184,-0.0057585248532931385,-0.05879485215808813,-1.3095195240998339,-0.7144740016655222,-0.2938207853877945,0.7438170425037086,0.06617493018001563,-1
1.5274408864896836,-0.5791208372730894,0.35734392853431524,0.9989824196031246,-0.7144740016655222,0.118549980943678,0.6105507267472811,1.0714880962962134,1
-0.8356424629393956,-0.961362378886287,-0.3708989376773907,-0.5608161910069824,-0.31430550865605833,-0.5937267972652296,0.35310443494509147,-0.7715860415834825,-1
1.2320554678110487,-0.32429314286429106,0.35734392853431524,-1.3095195240998339,-0.7144740016655222,-0.5187502942958707,-0.6857670719743315,2.076801262412411,-1
0.050513793096509184,-1.1843366114939855,0.8775174043998195,-0.12407258003615244,-0.7144740016655222,-0.3313090368724739,-0.44346467968991793,0.06617493018001563,-1
-0.5402570442607606,-1.0569227642895862,-0.5789683280235923,-0.3112484133093653,-0.23054931244477522,0.09355781328722564,-0.9008104451267485,-0.6878099444071327,-1
1.2320554678110487,-0.0057585248532931385,-3.5959744880435167,-1.3095195240998339,-0.7144740016655222,-0.24383645007488886,-0.8493211867663106,0.4012793188854149,1
-0.5402570442607606,0.2172157077544054,-0.5789683280235923,0.18788714208586896,1.844743104790351,-0.5312463781240973,3.4424599365713644,-0.6878099444071327,-1
0.641284630453779,-0.9295089170851871,-3.5959744880435167,-1.3095195240998339,-0.7144740016655222,-0.26882861773134165,0.1138308225642332,-0.18515336134903382,-1
-0.24487162558212575,-1.2798969968972849,-3.5959744880435167,-1.3095195240998339,-0.7144740016655222,-3.9926615985428238,-0.8765802058983072,-0.9391382359361821,-1
-0.24487162558212575,-0.2287327574609917,-1.3072111942352982,-0.4984242465825781,-0.7144740016655222,-1.1935388210200992,-0.9795587226191829,-0.9391382359361821,-1
-0.24487162558212575,-0.5791208372730894,0.2533092333612144,-1.3095195240998339,-0.7144740016655222,-0.3063168692160211,-1.0371055407867311,-0.101377264172684,-1
1.8228263051683187,1.3320868707928981,0.7734827092267187,-1.3095195240998339,-0.7144740016655222,-0.5312463781240973,-0.8523499666698658,1.741696873707012,-1
-0.8356424629393956,-0.6746812226763887,-0.5789683280235923,-0.685600079855791,-0.7144740016655222,-0.8186563061733058,0.2652698177419918,-1.0229143331125319,-1
-0.8356424629393956,-1.2161900732950852,-0.2668642425042898,-0.4984242465825781,0.16961918056468864,-1.3434918269588165,-0.14664424914151142,-0.8553621387598324,-1
0.050513793096509184,-0.8020950698807879,-0.2668642425042898,-1.3095195240998339,-0.7144740016655222,0.006085226489640131,-0.9159543446445243,-0.18515336134903382,1
-1.1310278816180306,-0.7383881462785884,-0.2668642425042898,0.9365904751787203,0.21615040068206817,0.6058972502445094,0.4136800330161949,-0.6878099444071327,-1
0.050513793096509184,-0.1331723720576923,0.14927453818811356,-0.5608161910069824,0.09516922837688141,-1.2310270725047783,-0.0012628137708633317,0.3175032217090651,-1
-0.24487162558212575,1.5550611034005968,0.2533092333612144,-0.12407258003615244,0.44880650126896576,-0.2563325339031155,-0.5918748949641212,-0.18515336134903382,1
0.641284630453779,-0.2924396810631913,-0.2668642425042898,1.1237663084519331,-0.7144740016655222,0.28099907071062236,-0.6161051341925626,-0.7715860415834825,-1
0.641284630453779,1.4595007179972972,0.2533092333612144,-1.3095195240998339,-0.7144740016655222,-0.668703300234588,-0.4828388184361352,2.7470100398232096,-1
0.3458992117751441,1.5232076415994968,-0.2668642425042898,-1.3095195240998339,-0.7144740016655222,0.118549980943678,-0.9947026221369587,0.6526076104144644,1
-0.5402570442607606,-0.6746812226763887,-0.8910724135428949,-0.3736403577337696,0.16031293654121273,-0.9186249767991169,0.5257448894477362,-1.0229143331125319,-1
-0.5402570442607606,-0.961362378886287,0.5654133188805169,-0.43603230215817385,-0.2026305803743475,-0.9436171444555702,-0.6494217131316695,-0.7715860415834825,-1
0.9366700491324139,-0.8339485316818878,-0.2668642425042898,0.25027908651027325,0.020719276189074185,0.16853431625658363,0.8316516597068083,0.6526076104144644,-1
-0.5402570442607606,0.8224314819753015,-3.5959744880435167,-1.3095195240998339,-0.7144740016655222,-0.5562385457805501,-0.676680732263666,-0.43648165287808327,1
-0.8356424629393956,-0.4198535282675904,-0.05879485215808813,-0.12407258003615244,-0.7144740016655222,-0.6811993840628146,-0.9038392250303036,-0.7715860415834825,-1
-0.24487162558212575,-1.1524831496928856,0.14927453818811356,0.6870226974811032,-0.7144740016655222,0.6558815855574158,-0.5949036748676764,-0.43648165287808327,-1
-0.5402570442607606,-0.06946544845549273,0.5654133188805169,-1.3095195240998339,-0.7144740016655222,1.368158363766323,0.6953565640468256,-1.0229143331125319,1
1.8228263051683187,0.886138405577501,0.7734827092267187,1.6852938082715716,1.4911058318982668,0.7058659208703215,1.6282207743418176,1.4903685821779624,1
0.050513793096509184,-0.8020950698807879,0.04523984301501272,0.6870226974811032,-0.7144740016655222,0.018581310317866757,0.450025391858857,-0.7715860415834825,-1
0.641284630453779,-0.35614660466539083,-0.4749336328504915,0.3750629753590818,-0.7144740016655222,-0.8686406414862113,-0.7796592489845418,-0.5202577500544331,-1
0.050513793096509184,2.1921303394225924,2.12593374647703,0.6246307530566989,-0.7144740016655222,-0.4312777074982856,0.6559824253006087,0.3175032217090651,-1
0.641284630453779,0.12165532235110603,0.14927453818811356,-1.3095195240998339,-0.7144740016655222,-0.5437424619523235,-0.28899690460860433,-0.35270555570173345,1
-0.5402570442607606,-0.1650258338587921,-0.2668642425042898,0.0631032532370604,-0.7144740016655222,-0.14386777944907717,-0.12847156972018023,-1.0229143331125319,-1
0.050513793096509184,-0.961362378886287,0.9815520995729203,1.6229018638471675,-0.2119368243978234,0.7183620046985482,-0.3071695840299352,-0.35270555570173345,-1
1.2320554678110487,2.415104572030291,0.35734392853431524,0.4998468642078904,1.8912743249077306,0.6933698370420949,0.4288239325339708,1.9930251652360613,1
0.641284630453779,-0.1968792956598919,-3.5959744880435167,-1.3095195240998339,-0.7144740016655222,-3.9926615985428238,-0.8311485073449798,-0.6040338472307829,-1
-0.24487162558212575,1.204673023588499,-0.2668642425042898,-0.4984242465825781,2.8870424354196524,-0.09388344413617156,-0.5100978375681318,-0.7715860415834825,-1
0.3458992117751441,-0.48356045186979,0.14927453818811356,0.4998468642078904,2.310055305964146,0.618393334072736,-0.9220119044516346,-0.43648165287808327,-1
-1.1310278816180306,0.1535087841522058,1.3976908802653236,-1.3095195240998339,-0.7144740016655222,-1.1810427371918726,-0.6100475743854522,-1.0229143331125319,-1
2.1182117238469536,0.5038968639643036,0.7734827092267187,0.8741985307543161,0.49533772138634524,-0.45626987515473844,-0.6161051341925626,0.7363837075908142,1
-0.8356424629393956,-0.06946544845549273,-0.5789683280235923,0.9365904751787203,0.16031293654121273,0.16853431625658363,-0.6130763542890074,-0.8553621387598324,-1
0.050513793096509184,-0.961362378886287,-3.5959744880435167,-1.3095195240998339,-0.7144740016655222,-0.49375812663941787,0.4439678320517466,-0.18515336134903382,-1
-0.5402570442607606,-0.8976554552840873,-0.8910724135428949,-1.3095195240998339,-0.7144740016655222,-0.23134036624666224,-0.9765299427156278,-0.9391382359361821,-1
-0.5402570442607606,-1.6621385385104823,0.04523984301501272,0.6870226974811032,-0.10026189611611257,-0.8686406414862113,-0.83720606715209,-0.6878099444071327,-1
-0.24487162558212575,-0.4198535282675904,-0.3708989376773907,-0.4984242465825781,-0.26777428853867885,-1.131058401878967,0.649924865493498,-0.8553621387598324,1
2.7089825612042233,-0.5154139136708898,0.14927453818811356,-1.3095195240998339,-0.7144740016655222,-0.09388344413617156,0.0047947460362471805,0.4012793188854149,1
0.050513793096509184,-0.32429314286429106,1.189621489919122,-1.3095195240998339,-0.7144740016655222,0.7058659208703215,-0.8250909475378693,-0.26892945852538364,-1
1.8228263051683187,-1.6621385385104823,1.917864356130828,0.1254951976614647,-0.25846804451520294,0.44344816047756586,-0.5403856366036834,1.1552641934725632,-1
-0.8356424629393956,1.4913541797983971,0.2533092333612144,-0.24885646888496102,0.6256251377150079,-1.0685779827378348,-0.049723292227745915,-0.017601166996334183,1
-0.24487162558212575,0.5994572493676029,-0.7870377183697941,-1.3095195240998339,-0.7144740016655222,-0.7936641385168525,-0.18601838788772848,-0.9391382359361821,1
0.641284630453779,0.1535087841522058,-0.05879485215808813,0.5622388086322947,0.40227528115158623,-0.24383645007488886,0.0017659661326918403,-0.101377264172684,-1
0.3458992117751441,-0.5154139136708898,0.2533092333612144,-1.3095195240998339,-0.7144740016655222,-0.39378945601360615,-0.9401845838729657,1.239040290648913,-1
0.3458992117751441,0.7587245583731018,0.6694480140536178,0.3126710309346775,1.9378055450251102,0.006085226489640131,-0.034579392709970055,2.076801262412411,1
-0.5402570442607606,-0.26058621926209147,-0.05879485215808813,0.0631032532370604,0.16031293654121273,0.26850298688239577,-0.4495222394970283,-0.6040338472307829,-1
-0.24487162558212575,-1.4710177677038836,-0.05879485215808813,0.4374549197834861,-0.2956930206091065,-0.2813247015595683,-0.5161553973752421,-0.8553621387598324,-1
0.9366700491324139,-0.7383881462785884,0.35734392853431524,0.6870226974811032,0.13239420447078504,1.118236687201794,1.2344793868796458,-0.101377264172684,1
0.9366700491324139,-0.4198535282675904,0.2533092333612144,-1.3095195240998339,-0.7144740016655222,-0.2938207853877945,-0.6342778136138936,-0.18515336134903382,1
0.3458992117751441,0.5994572493676029,0.5654133188805169,0.8741985307543161,0.7745250420906223,-0.04389910882326549,-0.31019836393349054,-0.6878099444071327,1
0.050513793096509184,-1.407310844101684,-0.3708989376773907,-1.3095195240998339,-0.7144740016655222,0.2560069030541691,-0.21933496682683537,-0.6878099444071327,-1
0.3458992117751441,-1.0250693024884865,-0.16282954733118896,0.0007113088126561168,-0.5004303891255764,-0.9436171444555702,-0.3677451821010386,-0.26892945852538364,-1
-0.8356424629393956,-0.38800006646649066,0.9815520995729203,-0.12407258003615244,-0.7144740016655222,-0.6062228810934557,-0.19207594769483882,-0.7715860415834825,-1
-1.1310278816180306,0.280922631356605,0.5654133188805169,-1.3095195240998339,-0.7144740016655222,-0.09388344413617156,0.7256443630823773,-0.35270555570173345,-1
1.2320554678110487,0.1853622459533056,0.2533092333612144,1.0613743640275288,-0.01650569990482943,-0.7561758870321734,-0.9129255647409691,0.48505541606176467,-1
-0.8356424629393956,-0.6109742990741892,-0.9951071087159957,-0.3736403577337696,-0.3794492168203897,-0.9686093121120231,0.18955032015311252,-0.6040338472307829,-1
-1.1310278816180306,-0.8020950698807879,0.8255000568132691,0.25027908651027325,-0.3794492168203897,0.6808737532138682,-0.6554792729387798,-0.7715860415834825,1
-0.8356424629393956,-0.38800006646649066,-0.4749336328504915,1.5605099194227632,0.9420374345131887,0.44344816047756586,-0.14664424914151142,-0.7715860415834825,-1
-1.1310278816180306,0.1535087841522058,-0.05879485215808813,-1.3095195240998339,-0.7144740016655222,-0.9061288929708908,-0.7796592489845418,-1.0229143331125319,-1
-0.8356424629393956,-3.8281739409852684,0.2533092333612144,-0.061680635611748164,-0.5004303891255764,-0.5312463781240973,-0.497982717953911,-1.0229143331125319,-1
1.2320554678110487,2.0010095686159937,-0.2668642425042898,-1.3095195240998339,-0.7144740016655222,-1.081074066566061,0.6317521860721673,-0.101377264172684,1
1.5274408864896836,1.6187680270027962,2.12593374647703,0.18788714208586896,1.5190245639686946,1.6805604594719843,0.7801624013463704,1.741696873707012,1
-0.8356424629393956,0.2490691695555052,1.5017255754384247,1.2485501973007418,-0.17471184830391978,0.006085226489640131,2.597430343479472,-0.017601166996334183,1
0.3458992117751441,1.4595007179972972,0.35734392853431524,-1.3095195240998339,-0.7144740016655222,1.718048710956664,-0.373802741908149,-0.5202577500544331,1
0.3458992117751441,-3.8281739409852684,0.5654133188805169,0.6870226974811032,-0.7144740016655222,1.1307327710300206,-0.35563006248681794,0.3175032217090651,1
-0.5402570442607606,-0.45170699006869025,-0.2668642425042898,0.8741985307543161,0.3929690371281103,-0.1813560309337566,2.83670395586033,0.06617493018001563,-1
-1.1310278816180306,-0.8339485316818878,-3.5959744880435167,-1.3095195240998339,-0.7144740016655222,-3.9926615985428238,-0.6282202538067833,-0.6878099444071327,-1
0.9366700491324139,0.9498453291797007,-0.16282954733118896,1.3109421417251461,2.468261454363237,0.34347948985175464,0.7710760616357049,0.7363837075908142,-1
1.2320554678110487,2.3513976484280916,0.5654133188805169,-1.3095195240998339,-0.7144740016655222,-0.7311837193757202,0.2652698177419918,2.8307861369995595,-1
-1.1310278816180306,1.9054491832126943,0.4613786237074161,2.621172974637636,-0.5841865853368595,3.430012195423687,5.926059457486603,-0.6878099444071327,1
0.641284630453779,-0.5154139136708898,0.2533092333612144,-0.18646452446055672,0.7373000659967187,-0.2563325339031155,0.7831911812499256,0.6526076104144644,1
-1.1310278816180306,-0.5791208372730894,-0.2668642425042898,1.5605099194227632,0.011413032165598282,1.0807484357171149,0.09868692304645735,-1.0229143331125319,-1
-0.8356424629393956,-0.35614660466539083,-0.6830030231966931,0.0007113088126561168,0.5418689415037248,-0.8436484738297585,1.1193857505445493,-0.8553621387598324,-1
-0.8356424629393956,-0.1650258338587921,0.04523984301501272,0.5622388086322947,0.17892542458816454,0.330983406023528,0.19863665986377801,-0.101377264172684,1
-0.5402570442607606,-1.1206296878917859,-0.2148468949177394,-1.3095195240998339,-0.7144740016655222,0.9557875974348505,1.413177401189401,-0.5202577500544331,-1
0.3458992117751441,1.3320868707928981,1.8138296609577271,-1.3095195240998339,-0.7144740016655222,0.7183620046985482,-0.946242143680076,1.5741446793543123,1
-0.5402570442607606,-0.38800006646649066,-0.2668642425042898,-1.3095195240998339,-0.7144740016655222,-0.14386777944907717,-0.9250406843551898,-1.0229143331125319,-1
0.050513793096509184,0.08980186055000623,0.5654133188805169,-0.3736403577337696,0.9234249464662369,0.006085226489640131,-0.06183841184196677,0.06617493018001563,-1
0.3458992117751441,0.2490691695555052,0.5654133188805169,-1.3095195240998339,-0.7144740016655222,0.330983406023528,-0.9674436030049622,0.9877119991198635,-1
0.641284630453779,-0.38800006646649066,-1.3072111942352982,-0.061680635611748164,0.49533772138634524,-0.9936014797684758,1.058810152473446,0.14995102735636545,-1
-1.1310278816180306,0.5676037875665031,-0.4749336328504915,0.8741985307543161,0.8396687502549537,0.330983406023528,0.21378055938155388,-1.0229143331125319,1
1.2320554678110487,1.4913541797983971,1.917864356130828,1.5605099194227632,1.4352683677574114,0.7058659208703215,-0.9038392250303036,0.820159804767164,1
0.050513793096509184,0.8224314819753015,0.4613786237074161,-1.3095195240998339,-0.7144740016655222,0.8183306753243593,0.17137764073178147,2.8307861369995595,1
-0.5402570442607606,-0.2924396810631913,-0.4749336328504915,-1.3095195240998339,-0.7144740016655222,-0.718687635547494,-0.36471640219748364,-0.8553621387598324,-1
-1.1310278816180306,-1.1524831496928856,0.6694480140536178,0.6246307530566989,0.44880650126896576,0.7808424238396804,-0.6978821915885521,-0.8553621387598324,-1
-0.8356424629393956,-0.45170699006869025,0.04523984301501272,0.4374549197834861,0.5418689415037248,0.28099907071062236,-0.9735011628120726,-0.9391382359361821,-1
-1.1310278816180306,-0.2924396810631913,-0.2148468949177394,-1.3095195240998339,-0.7144740016655222,-0.9186249767991169,0.5954068272295052,-0.18515336134903382,-1
1.5274408864896836,0.7905780201742016,0.5654133188805169,1.5605099194227632,0.49533772138634524,0.7433541723550005,0.5257448894477362,0.5688315132381145,1
0.641284630453779,1.0772591763840997,0.2533092333612144,0.6870226974811032,1.0816310948653272,-0.3313090368724739,1.1375584299658807,0.48505541606176467,-1
1.2320554678110487,-1.1524831496928856,0.2533092333612144,0.6246307530566989,-0.7144740016655222,0.7933385076679061,-0.019435493192194196,0.48505541606176467,-1
0.050513793096509184,0.1535087841522058,0.04523984301501272,-0.18646452446055672,0.42088776919853804,-0.38129337218538,2.0613363005502077,0.9877119991198635,1
-0.5402570442607606,0.2490691695555052,0.4613786237074161,0.9989824196031246,0.9792624106070923,1.4181426990792285,2.3036386928346206,-0.18515336134903382,1
0.050513793096509184,0.9816987909808004,1.0855867947460212,1.0613743640275288,-0.7144740016655222,-0.2813247015595683,-0.5131266174716869,0.23372712453271524,-1
0.3458992117751441,0.8542849437764013,0.4613786237074161,-1.3095195240998339,-0.7144740016655222,0.21851865156949013,-0.7433138901418798,2.6632339426468596,-1
-0.24487162558212575,1.6187680270027962,0.14927453818811356,0.7494146419055074,0.5418689415037248,0.16853431625658363,-0.8008607083094281,-0.7715860415834825,1
-0.24487162558212575,-0.2924396810631913,-0.5789683280235923,0.6246307530566989,-0.3049992646325824,-0.3063168692160211,-0.10121255058818385,-0.9391382359361821,-1
-0.24487162558212575,-1.3436039204994845,0.04523984301501272,-1.3095195240998339,-0.7144740016655222,0.06856564563077237,-0.5858173351570108,0.48505541606176467,-1
0.050513793096509184,-0.32429314286429106,0.35734392853431524,-0.061680635611748164,0.21615040068206817,-0.44377379132651223,-1.0461918804973966,-0.5202577500544331,-1
-0.5402570442607606,-1.1843366114939855,-0.2148468949177394,0.4374549197834861,-0.10026189611611257,0.6058972502445094,0.5015146502192949,-0.7715860415834825,-1
-1.1310278816180306,-0.6746812226763887,-3.5959744880435167,-1.3095195240998339,-0.7144740016655222,-0.8686406414862113,-0.6373065935174488,-0.9391382359361821,-1
-0.8356424629393956,0.8224314819753015,-0.6830030231966931,-1.3095195240998339,-0.7144740016655222,-0.2813247015595683,0.3046439564882087,-0.35270555570173345,-1
-0.5402570442607606,0.44018994036210396,0.04523984301501272,-1.3095195240998339,-0.7144740016655222,-0.38129337218538,0.23801079860999527,-0.8553621387598324,1
0.3458992117751441,0.5038968639643036,0.7734827092267187,1.2485501973007418,0.10447547240035732,0.38096774133643363,-0.5373568567001281,0.14995102735636545,1
1.2320554678110487,-1.1206296878917859,-0.7350203707832437,-0.061680635611748164,-0.7144740016655222,-0.9436171444555702,-0.9916738422334036,0.7363837075908142,-1
0.050513793096509184,1.6824749506049959,0.04523984301501272,-0.43603230215817385,0.8489749942784296,-0.2813247015595683,-0.31019836393349054,-0.017601166996334183,1
0.050513793096509184,-1.1206296878917859,-0.5789683280235923,0.0631032532370604,-0.25846804451520294,-0.5187502942958707,-0.4767812586290248,-0.43648165287808327,-1
0.3458992117751441,0.5038968639643036,0.6694480140536178,-1.3095195240998339,-0.7144740016655222,-3.9926615985428238,0.5348312291584018,2.998338331352259,-1
-1.1310278816180306,-0.5791208372730894,0.4613786237074161,1.1861582528763375,0.12308796044730912,0.31848732219530135,-0.6827382920707763,-0.7715860415834825,-1
0.3458992117751441,-0.45170699006869025,0.6694480140536178,0.5622388086322947,-0.7144740016655222,0.9432915136066239,-0.5373568567001281,0.4012793188854149,-1
0.3458992117751441,0.08980186055000623,0.2533092333612144,1.1861582528763375,0.0021067881421223773,0.26850298688239577,-0.5888461150605662,-0.43648165287808327,-1
-0.8356424629393956,-0.0057585248532931385,0.5654133188805169,1.6852938082715716,1.1467748030296585,0.868315010637265,2.1158543388142,0.6526076104144644,-1
1.2320554678110487,-0.0057585248532931385,0.8775174043998195,-1.3095195240998339,-0.7144740016655222,-0.44377379132651223,-0.6191339140961177,-0.9391382359361821,1
0.3458992117751441,1.204673023588499,0.7734827092267187,1.2485501973007418,1.2398372432644174,0.9307954297783972,-0.2072198472126147,-0.35270555570173345,1
